Survey,Subtype,Stage,Group,RelativAbund
3669,seasonal,b.mid,4rare,0.30201759
3668,seasonal,b.mid,2insensi,0.482851897
6446,seasonal,a.early,4rare,0.654333273
1060,seasonal,b.mid,4rare,0.715078657
594,rainforest,a.early,1oport,0.717753233
4993.4,seasonal,b.mid,2insensi,0.744603647
923,rainforest,a.early,1oport,0.790740377
3764,rainforest,b.mid,2insensi,0.862032966
6152,rainforest,a.early,1oport,0.903089987
232,seasonal,b.mid,4rare,0.925645711
4993.8,seasonal,b.mid,2insensi,0.942353234
608,rainforest,b.mid,2insensi,0.97483566
6176,rainforest,a.early,4rare,0.989406926
5131,araucaria,d.old,3sensi,1.030868989
3645,seasonal,d.old,4rare,1.038998856
71,seasonal,b.mid,2insensi,1.049218024
759.5,araucaria,b.mid,2insensi,1.072426921
6108,rainforest,a.early,1oport,1.073046534
4993,seasonal,c.late,4rare,1.07965511
4625.9,araucaria,b.mid,2insensi,1.082994216
1279,rainforest,a.early,1oport,1.103165394
5143,araucaria,d.old,3sensi,1.12338491
224,seasonal,a.early,2insensi,1.129205329
4993.4,seasonal,b.mid,4rare,1.13141009
921,rainforest,a.early,1oport,1.137173191
2442,seasonal,b.mid,2insensi,1.13849525
1010,seasonal,c.late,2insensi,1.142784079
666,rainforest,a.early,1oport,1.145558467
759.3,araucaria,b.mid,2insensi,1.146411239
1384,seasonal,b.mid,4rare,1.158055677
858,rainforest,c.late,2insensi,1.160303164
5394,seasonal,b.mid,4rare,1.16581162
560,seasonal,b.mid,1oport,1.169357879
933.3,seasonal,c.late,2insensi,1.181170784
759.2,araucaria,b.mid,2insensi,1.188237973
1060,seasonal,b.mid,2insensi,1.197666428
6151,araucaria,a.early,1oport,1.197704878
1118,araucaria,c.late,4rare,1.19781051
1593,seasonal,b.mid,4rare,1.211008721
224,seasonal,a.early,4rare,1.212835216
1155,araucaria,b.mid,2insensi,1.217483941
3776,seasonal,b.mid,2insensi,1.219097138
4613,rainforest,b.mid,1oport,1.22184875
608.4,araucaria,c.late,2insensi,1.243217846
1697,seasonal,b.mid,4rare,1.24441458
3543,rainforest,c.late,1oport,1.249877473
215,seasonal,b.mid,4rare,1.253654664
1384,seasonal,b.mid,1oport,1.255656329
979,seasonal,c.late,2insensi,1.259167547
2394,rainforest,b.mid,2insensi,1.269148905
759,araucaria,b.mid,2insensi,1.271841605
759.4,araucaria,b.mid,2insensi,1.272221068
1003,seasonal,b.mid,3sensi,1.275761891
726,araucaria,b.mid,2insensi,1.277394135
71.6,seasonal,c.late,3sensi,1.278366015
3654,rainforest,b.mid,2insensi,1.294825687
6617,seasonal,b.mid,4rare,1.295039636
608.3,araucaria,c.late,2insensi,1.295806047
562,seasonal,b.mid,2insensi,1.296170052
4613,rainforest,b.mid,2insensi,1.296708622
921,rainforest,a.early,2insensi,1.301029996
560,seasonal,b.mid,2insensi,1.311716165
921,rainforest,a.early,4rare,1.313264453
4434,seasonal,b.mid,2insensi,1.318941585
1550,seasonal,b.mid,2insensi,1.320721288
561,seasonal,b.mid,2insensi,1.322089476
228,seasonal,b.mid,1oport,1.326790856
6450,seasonal,b.mid,1oport,1.326790856
822,rainforest,b.mid,1oport,1.327132801
69,seasonal,b.mid,2insensi,1.327937959
777,rainforest,a.early,2insensi,1.330534313
620,araucaria,c.late,2insensi,1.334934662
5980,rainforest,d.old,4rare,1.335803565
4993.8,seasonal,b.mid,4rare,1.335847869
759.6,araucaria,b.mid,2insensi,1.335966971
1258,araucaria,c.late,3sensi,1.337899498
4439,seasonal,b.mid,1oport,1.338593006
933,seasonal,b.mid,2insensi,1.341409154
2097,seasonal,b.mid,3sensi,1.34555194
4613,rainforest,b.mid,3sensi,1.346787486
6450,seasonal,b.mid,2insensi,1.356754077
5394,seasonal,b.mid,2insensi,1.357415042
1343,rainforest,d.old,2insensi,1.359055248
933,seasonal,b.mid,3sensi,1.360376998
759.8,araucaria,b.mid,2insensi,1.362647956
1036,seasonal,b.mid,2insensi,1.362655483
1011,seasonal,c.late,3sensi,1.364081744
1593,seasonal,b.mid,1oport,1.36735592
4630,rainforest,d.old,4rare,1.368097238
3764,rainforest,b.mid,4rare,1.371683445
589,araucaria,b.mid,2insensi,1.372474795
6104,seasonal,b.mid,3sensi,1.375247821
909,rainforest,b.mid,1oport,1.377086808
4572,rainforest,b.mid,2insensi,1.377965889
759.7,araucaria,b.mid,2insensi,1.379953886
725,araucaria,b.mid,1oport,1.380211238
759.6,araucaria,b.mid,1oport,1.384004229
2327,seasonal,d.old,2insensi,1.384213981
4396,seasonal,d.old,1oport,1.385400008
933.6,seasonal,d.old,2insensi,1.386658994
2429,rainforest,b.mid,2insensi,1.387115907
606,araucaria,d.old,2insensi,1.390034966
922,rainforest,b.mid,2insensi,1.39211046
1123,rainforest,d.old,3sensi,1.399350442
3592,seasonal,b.mid,1oport,1.39990555
2443,rainforest,c.late,4rare,1.400228353
5279,araucaria,a.early,1oport,1.401400537
3777,rainforest,b.mid,2insensi,1.402462263
246,seasonal,b.mid,1oport,1.402590446
3610,rainforest,b.mid,2insensi,1.406540183
5190,rainforest,b.mid,1oport,1.412035995
1384,seasonal,b.mid,2insensi,1.41339511
963,seasonal,d.old,4rare,1.413452177
1239,araucaria,b.mid,3sensi,1.415640977
224,seasonal,a.early,1oport,1.41661996
1011,seasonal,c.late,2insensi,1.418439402
133,seasonal,b.mid,2insensi,1.419936762
4434,seasonal,b.mid,3sensi,1.421603925
5190.9,rainforest,b.mid,1oport,1.423215412
4435,araucaria,c.late,4rare,1.425618357
1058,seasonal,b.mid,3sensi,1.425968732
1203,seasonal,a.early,1oport,1.42996602
3,rainforest,a.early,2insensi,1.433542673
2196,seasonal,b.mid,4rare,1.435328267
2410,rainforest,b.mid,2insensi,1.436692596
1235,araucaria,b.mid,2insensi,1.439164655
6460,seasonal,b.mid,2insensi,1.43992157
5279.5,araucaria,b.mid,2insensi,1.441633361
608.1,seasonal,b.mid,3sensi,1.447158028
963,seasonal,d.old,2insensi,1.447666271
3607,rainforest,b.mid,2insensi,1.448504684
2278,seasonal,b.mid,4rare,1.45066892
5279.5,araucaria,b.mid,1oport,1.45108833
754,araucaria,c.late,2insensi,1.451957579
1118,araucaria,c.late,2insensi,1.452129564
6151,araucaria,a.early,3sensi,1.453997456
3962,rainforest,b.mid,2insensi,1.45473754
5190.3,rainforest,b.mid,1oport,1.45493243
6461,seasonal,b.mid,1oport,1.457871309
5394,seasonal,b.mid,3sensi,1.459288477
131,rainforest,b.mid,2insensi,1.459392491
587,seasonal,c.late,4rare,1.465048753
3,rainforest,a.early,1oport,1.466440325
1060,seasonal,b.mid,1oport,1.46720716
1004,seasonal,b.mid,3sensi,1.467651628
2119,seasonal,b.mid,2insensi,1.4676855
6107,araucaria,c.late,2insensi,1.467863612
2278,seasonal,b.mid,2insensi,1.470872307
4198,araucaria,b.mid,2insensi,1.47091785
5397,seasonal,d.old,3sensi,1.473049715
2362,rainforest,d.old,2insensi,1.474228352
45,seasonal,b.mid,3sensi,1.47565336
3942,seasonal,d.old,3sensi,1.475782904
2404,rainforest,b.mid,2insensi,1.4764526
4616,araucaria,b.mid,2insensi,1.480527499
822,rainforest,b.mid,4rare,1.480664311
4159,araucaria,b.mid,2insensi,1.483088097
6469,seasonal,a.early,1oport,1.484176355
1235,araucaria,b.mid,3sensi,1.484200257
528,seasonal,b.mid,1oport,1.484993877
4615,araucaria,b.mid,3sensi,1.488116639
2450,rainforest,b.mid,4rare,1.489189334
3670,rainforest,c.late,2insensi,1.491430705
608.5,araucaria,b.mid,4rare,1.492633417
5279,araucaria,a.early,2insensi,1.494154595
861,rainforest,b.mid,2insensi,1.494531
3965,rainforest,b.mid,2insensi,1.495424865
528,seasonal,b.mid,3sensi,1.49571774
2361,rainforest,d.old,2insensi,1.49694485
3717,seasonal,d.old,3sensi,1.497147166
6470,seasonal,a.early,1oport,1.498120778
2361,rainforest,d.old,3sensi,1.50065935
4607,seasonal,b.mid,2insensi,1.501139839
1506,seasonal,b.mid,1oport,1.501233855
2428,seasonal,b.mid,2insensi,1.501656041
5091,seasonal,b.mid,2insensi,1.502318512
2327,seasonal,d.old,4rare,1.502477834
3593,seasonal,b.mid,1oport,1.503303426
3765,rainforest,b.mid,1oport,1.503968222
1004,seasonal,b.mid,2insensi,1.504975948
4616,araucaria,b.mid,3sensi,1.505149978
966,seasonal,c.late,2insensi,1.505281718
6177,rainforest,b.mid,2insensi,1.506111451
1003,seasonal,b.mid,2insensi,1.506210812
3541,rainforest,b.mid,1oport,1.506279486
2278,seasonal,b.mid,3sensi,1.506410635
725,araucaria,b.mid,2insensi,1.507560158
933.3,seasonal,c.late,1oport,1.508529718
1239,araucaria,b.mid,2insensi,1.509327069
3649,seasonal,d.old,4rare,1.510662401
998.1,araucaria,b.mid,2insensi,1.513865793
4643.6,rainforest,b.mid,2insensi,1.515134195
2442,seasonal,b.mid,4rare,1.515750656
4572,rainforest,b.mid,1oport,1.518221389
1155,araucaria,b.mid,3sensi,1.518513944
2471,rainforest,b.mid,2insensi,1.51871409
2278,seasonal,b.mid,1oport,1.520090324
6047,rainforest,b.mid,1oport,1.520432003
1549,rainforest,b.mid,1oport,1.521561633
4216,rainforest,a.early,1oport,1.521835897
3654,rainforest,b.mid,4rare,1.523226045
4993,seasonal,c.late,2insensi,1.523329197
228,seasonal,b.mid,2insensi,1.52407142
6446,seasonal,a.early,2insensi,1.52544474
1353,rainforest,b.mid,2insensi,1.526305144
71.6,seasonal,c.late,1oport,1.526339274
608.1,seasonal,b.mid,2insensi,1.526339274
141,seasonal,b.mid,2insensi,1.526493586
608.3,araucaria,c.late,3sensi,1.527200123
998.2,araucaria,b.mid,2insensi,1.528273772
3616,rainforest,b.mid,2insensi,1.529344791
1497,seasonal,b.mid,2insensi,1.530366774
2410,rainforest,b.mid,3sensi,1.530597096
620,araucaria,c.late,1oport,1.530964253
4396,seasonal,d.old,3sensi,1.531135193
228,seasonal,b.mid,4rare,1.531370662
141,seasonal,b.mid,3sensi,1.531382501
1069,seasonal,b.mid,2insensi,1.533072665
666.5,rainforest,a.early,2insensi,1.533281503
4574,seasonal,a.early,1oport,1.534048714
6617,seasonal,b.mid,2insensi,1.537417152
6175,rainforest,a.early,1oport,1.5382123
933.6,seasonal,d.old,4rare,1.538390918
922,rainforest,b.mid,4rare,1.540172998
1058,seasonal,b.mid,1oport,1.541362151
725,araucaria,b.mid,4rare,1.541579247
4605,seasonal,a.early,1oport,1.542502208
6616,seasonal,c.late,4rare,1.543528215
923,rainforest,a.early,2insensi,1.544068038
1011,seasonal,c.late,4rare,1.544068038
750,araucaria,d.old,2insensi,1.546383353
1119,araucaria,b.mid,2insensi,1.547822952
3620,rainforest,b.mid,2insensi,1.547834712
759.6,araucaria,b.mid,3sensi,1.548814473
5143,araucaria,d.old,2insensi,1.550339559
1621,araucaria,d.old,2insensi,1.552225507
1776,seasonal,b.mid,2insensi,1.554324276
3623,rainforest,b.mid,2insensi,1.555316589
4401,seasonal,b.mid,2insensi,1.555550218
5606.3,rainforest,b.mid,2insensi,1.557986462
140,seasonal,b.mid,2insensi,1.558480267
1779.2,araucaria,c.late,2insensi,1.561669408
2097,seasonal,b.mid,4rare,1.563035889
4253,rainforest,b.mid,1oport,1.564204511
4615,araucaria,b.mid,2insensi,1.565445881
4643,rainforest,b.mid,2insensi,1.565478073
183,seasonal,b.mid,2insensi,1.565797399
4520,araucaria,c.late,4rare,1.566189314
1203,seasonal,a.early,4rare,1.566290156
608.5,araucaria,b.mid,2insensi,1.566982411
862,rainforest,b.mid,1oport,1.567731963
1698,rainforest,b.mid,3sensi,1.568510502
3965,rainforest,b.mid,1oport,1.568891628
1010,seasonal,c.late,4rare,1.571677366
998.5,araucaria,b.mid,2insensi,1.572581199
232,seasonal,b.mid,3sensi,1.576583228
3616,rainforest,b.mid,4rare,1.57779141
547,seasonal,b.mid,1oport,1.578680629
3297,araucaria,b.mid,1oport,1.57917091
4135,araucaria,d.old,2insensi,1.581647757
1446,seasonal,b.mid,1oport,1.585169893
4520,araucaria,c.late,2insensi,1.585349035
3963,rainforest,b.mid,2insensi,1.587560975
5606,rainforest,b.mid,2insensi,1.587678063
2410,rainforest,b.mid,1oport,1.589302769
132,seasonal,b.mid,2insensi,1.58982553
321,rainforest,b.mid,1oport,1.591064601
1069,seasonal,b.mid,1oport,1.591064601
5279,araucaria,a.early,3sensi,1.591064601
6441,seasonal,a.early,1oport,1.593058751
2427,seasonal,b.mid,2insensi,1.593550554
6152,rainforest,a.early,4rare,1.595577861
4434,seasonal,b.mid,1oport,1.59769519
140,seasonal,b.mid,1oport,1.599080983
2011,seasonal,b.mid,2insensi,1.603440896
3691,seasonal,d.old,3sensi,1.604592453
1010,seasonal,c.late,1oport,1.604765893
6460,seasonal,b.mid,1oport,1.605605272
2196,seasonal,b.mid,2insensi,1.606521563
4643.3,rainforest,b.mid,2insensi,1.609788914
979,seasonal,c.late,3sensi,1.609885336
1004,seasonal,b.mid,1oport,1.60996446
1502,seasonal,b.mid,2insensi,1.610833916
4616,araucaria,b.mid,1oport,1.61429444
2093,rainforest,d.old,2insensi,1.614923907
1155,araucaria,b.mid,4rare,1.615423957
6176,rainforest,a.early,2insensi,1.615888195
1518,rainforest,b.mid,2insensi,1.617141278
961,seasonal,d.old,2insensi,1.617370422
131,rainforest,b.mid,4rare,1.617496964
3785,araucaria,b.mid,2insensi,1.617989445
909,rainforest,b.mid,3sensi,1.618571022
922,rainforest,b.mid,1oport,1.619354247
922,rainforest,b.mid,3sensi,1.619354247
777,rainforest,a.early,1oport,1.619781321
2120,seasonal,b.mid,2insensi,1.623037495
200,seasonal,d.old,4rare,1.623789118
1621,araucaria,d.old,3sensi,1.624656199
6047,rainforest,b.mid,3sensi,1.624723968
3699,seasonal,b.mid,2insensi,1.626037705
2280,seasonal,b.mid,3sensi,1.62725943
777.3,rainforest,b.mid,3sensi,1.627355575
5622,araucaria,b.mid,2insensi,1.62748635
3765,rainforest,b.mid,4rare,1.628008738
562,seasonal,b.mid,3sensi,1.628062682
6047,rainforest,b.mid,2insensi,1.629178314
129,seasonal,b.mid,2insensi,1.631490427
4436,seasonal,b.mid,2insensi,1.631982052
1698,rainforest,b.mid,2insensi,1.633082789
843,seasonal,d.old,2insensi,1.633377463
6178,rainforest,b.mid,2insensi,1.634238103
71.6,seasonal,c.late,2insensi,1.634244669
132,seasonal,b.mid,1oport,1.634447194
6180,rainforest,b.mid,2insensi,1.634729104
4459,seasonal,b.mid,2insensi,1.634818113
777,rainforest,a.early,4rare,1.635885676
3541,rainforest,b.mid,2insensi,1.636822099
4643.3,rainforest,b.mid,1oport,1.637749079
1503,seasonal,b.mid,2insensi,1.640342349
3712,seasonal,d.old,3sensi,1.640508296
2529.4,seasonal,b.mid,3sensi,1.640707687
592,rainforest,d.old,2insensi,1.641337843
4643.6,rainforest,b.mid,1oport,1.642323178
2443,rainforest,c.late,2insensi,1.642400565
6467,seasonal,b.mid,1oport,1.642827513
4625,araucaria,b.mid,2insensi,1.642835337
4252,rainforest,b.mid,2insensi,1.643096836
1281,rainforest,c.late,2insensi,1.643383521
3942,seasonal,d.old,2insensi,1.643452671
6617,seasonal,b.mid,1oport,1.643452671
3764,rainforest,b.mid,1oport,1.644684709
963,seasonal,d.old,1oport,1.645285144
1280,rainforest,b.mid,1oport,1.645398014
6616,seasonal,c.late,1oport,1.645618733
3625,rainforest,b.mid,2insensi,1.645688873
1058,seasonal,b.mid,4rare,1.645965474
4992,rainforest,b.mid,2insensi,1.647984495
1279,rainforest,a.early,4rare,1.648360013
6227,rainforest,b.mid,2insensi,1.648803387
1235,araucaria,b.mid,4rare,1.650531677
3974,rainforest,b.mid,3sensi,1.651725208
2279,seasonal,b.mid,3sensi,1.652997986
3543,rainforest,c.late,2insensi,1.653212518
5996,seasonal,b.mid,1oport,1.653557046
4520,araucaria,c.late,1oport,1.654611212
2394,rainforest,b.mid,3sensi,1.655037289
3607,rainforest,b.mid,1oport,1.655873769
998.3,araucaria,b.mid,2insensi,1.656414573
862,rainforest,b.mid,2insensi,1.656447492
3673,araucaria,d.old,4rare,1.656452513
4643,rainforest,b.mid,4rare,1.658038983
6161,seasonal,b.mid,4rare,1.658292045
1553,seasonal,a.early,1oport,1.659191092
972,araucaria,b.mid,2insensi,1.660296304
3974.5,rainforest,b.mid,2insensi,1.661224119
2157,seasonal,d.old,3sensi,1.663231107
5190.3,rainforest,b.mid,2insensi,1.664125016
4435,araucaria,c.late,2insensi,1.664210678
1779,araucaria,c.late,2insensi,1.664366451
3912,rainforest,b.mid,2insensi,1.664592051
810,seasonal,b.mid,2insensi,1.66475043
334,rainforest,c.late,3sensi,1.665075616
2529.6,seasonal,b.mid,3sensi,1.666300888
133,seasonal,b.mid,1oport,1.666315551
1376,rainforest,b.mid,2insensi,1.666471396
4396,seasonal,d.old,2insensi,1.666479778
4460,seasonal,b.mid,2insensi,1.667204192
5143,araucaria,d.old,1oport,1.66745296
3776,seasonal,b.mid,3sensi,1.667555197
797,araucaria,d.old,2insensi,1.667591639
6468,seasonal,b.mid,2insensi,1.66834017
3540,rainforest,c.late,2insensi,1.668724683
4605,seasonal,a.early,2insensi,1.668724683
6152,rainforest,a.early,2insensi,1.66900679
142,seasonal,b.mid,1oport,1.66914777
1593,seasonal,b.mid,2insensi,1.669703949
531,seasonal,b.mid,3sensi,1.670091154
1058,seasonal,b.mid,2insensi,1.670517365
3974,rainforest,b.mid,2insensi,1.670693037
71.6,seasonal,c.late,4rare,1.671022074
129,seasonal,b.mid,4rare,1.671553973
528,seasonal,b.mid,2insensi,1.671808999
6001,seasonal,b.mid,1oport,1.671973644
3714,seasonal,d.old,3sensi,1.672118306
1124,seasonal,b.mid,2insensi,1.673001751
4458,seasonal,b.mid,1oport,1.674049439
933.6,seasonal,d.old,1oport,1.676693601
183,seasonal,b.mid,1oport,1.676851214
1446,seasonal,b.mid,2insensi,1.676887598
1643,rainforest,b.mid,2insensi,1.67718869
1500,rainforest,b.mid,4rare,1.677845647
1146,seasonal,b.mid,2insensi,1.678379182
1070,seasonal,d.old,2insensi,1.679003807
2529.6,seasonal,b.mid,4rare,1.67945663
3653,seasonal,d.old,3sensi,1.679544249
1553,seasonal,a.early,4rare,1.681241244
5996,seasonal,b.mid,2insensi,1.681241244
1371,rainforest,c.late,4rare,1.681797671
6153,seasonal,b.mid,2insensi,1.68272891
660,araucaria,b.mid,4rare,1.682896848
593,rainforest,c.late,2insensi,1.683069855
3968,rainforest,b.mid,2insensi,1.683535972
4993,seasonal,c.late,3sensi,1.683615741
586,seasonal,c.late,2insensi,1.684119271
4643.3,rainforest,b.mid,4rare,1.684745655
3765,rainforest,b.mid,2insensi,1.685488225
3973,rainforest,b.mid,1oport,1.685672861
1155,araucaria,b.mid,1oport,1.686005019
2255,rainforest,b.mid,2insensi,1.68741747
3711,seasonal,d.old,3sensi,1.689387459
3777,rainforest,b.mid,3sensi,1.689513754
4607,seasonal,b.mid,3sensi,1.690196086
4613,rainforest,b.mid,4rare,1.690697487
4625.3,araucaria,b.mid,2insensi,1.690878809
6175,rainforest,a.early,4rare,1.691179759
2427,seasonal,b.mid,4rare,1.691448093
726,araucaria,b.mid,4rare,1.692161219
933.6,seasonal,d.old,3sensi,1.693726948
6175,rainforest,a.early,2insensi,1.693726948
118,seasonal,b.mid,2insensi,1.694236053
215,seasonal,b.mid,1oport,1.694700555
5190.3,rainforest,b.mid,4rare,1.695141189
6461,seasonal,b.mid,2insensi,1.695177007
586,seasonal,c.late,1oport,1.695179288
2349,rainforest,b.mid,2insensi,1.695421287
4435,araucaria,c.late,3sensi,1.696218386
171,seasonal,b.mid,4rare,1.696540874
3673,araucaria,d.old,3sensi,1.697742145
759,araucaria,b.mid,1oport,1.697810337
4253,rainforest,b.mid,2insensi,1.698105945
3721,seasonal,d.old,3sensi,1.698159933
6161,seasonal,b.mid,2insensi,1.698409258
3542,rainforest,d.old,3sensi,1.698970004
3544,araucaria,d.old,3sensi,1.699344245
2280,seasonal,b.mid,2insensi,1.70016916
69,seasonal,b.mid,1oport,1.700867864
4252,rainforest,b.mid,1oport,1.701008953
5606.6,rainforest,b.mid,2insensi,1.701559525
592,rainforest,d.old,4rare,1.701704291
806,araucaria,b.mid,4rare,1.701870747
3592,seasonal,b.mid,2insensi,1.701957869
5550.6,rainforest,a.early,2insensi,1.702093494
164,seasonal,b.mid,1oport,1.702792412
4964,seasonal,d.old,1oport,1.703414218
63,seasonal,b.mid,2insensi,1.704373686
666.5,rainforest,a.early,1oport,1.705007957
4392,seasonal,b.mid,2insensi,1.705355089
794,rainforest,c.late,2insensi,1.706576427
2371,seasonal,b.mid,4rare,1.706709016
5190.9,rainforest,b.mid,4rare,1.706839655
6104,seasonal,b.mid,4rare,1.706946645
5980,rainforest,d.old,3sensi,1.707020434
2120,seasonal,b.mid,4rare,1.707095895
592,rainforest,d.old,3sensi,1.707456614
1344,seasonal,d.old,1oport,1.709154928
593,rainforest,c.late,3sensi,1.710399477
6616,seasonal,c.late,3sensi,1.711120298
3543,rainforest,c.late,3sensi,1.711204471
1618,seasonal,b.mid,3sensi,1.711561757
2393,seasonal,d.old,2insensi,1.711874148
1499,seasonal,b.mid,2insensi,1.711886787
861,rainforest,b.mid,1oport,1.712434756
2371,seasonal,b.mid,2insensi,1.713660046
2279,seasonal,b.mid,2insensi,1.713910365
1445,seasonal,b.mid,1oport,1.714808575
3895,seasonal,b.mid,1oport,1.714880852
4394,seasonal,d.old,2insensi,1.714958119
6110,rainforest,c.late,1oport,1.715187774
990,seasonal,d.old,2insensi,1.71536753
3696,seasonal,d.old,2insensi,1.716003349
2362,rainforest,d.old,3sensi,1.71608032
3895,seasonal,b.mid,2insensi,1.71646253
4445,seasonal,b.mid,4rare,1.716698771
4626,seasonal,b.mid,2insensi,1.716909161
4458,seasonal,b.mid,2insensi,1.717348323
2196,seasonal,b.mid,1oport,1.718236223
3,rainforest,a.early,4rare,1.718778403
561,seasonal,b.mid,1oport,1.719915932
3542,rainforest,d.old,2insensi,1.720749782
133,seasonal,b.mid,3sensi,1.722633921
3872,seasonal,b.mid,2insensi,1.72267623
3965,rainforest,b.mid,4rare,1.722752122
1330,rainforest,b.mid,2insensi,1.722920719
215,seasonal,b.mid,2insensi,1.723213722
6179,rainforest,b.mid,2insensi,1.723952283
3974.5,rainforest,b.mid,3sensi,1.724275859
2529.4,seasonal,b.mid,4rare,1.725369974
4605,seasonal,a.early,3sensi,1.726252383
4463,seasonal,b.mid,2insensi,1.726550767
1428,rainforest,b.mid,2insensi,1.726917088
4387,seasonal,d.old,3sensi,1.727256393
809,seasonal,b.mid,2insensi,1.727299178
585,seasonal,c.late,3sensi,1.727974008
347,seasonal,c.late,1oport,1.729860513
6616,seasonal,c.late,2insensi,1.735504973
707,seasonal,d.old,3sensi,1.735935268
3557,rainforest,c.late,2insensi,1.736374487
3543,rainforest,c.late,4rare,1.739233176
6160,seasonal,a.early,2insensi,1.739401265
6465,seasonal,a.early,1oport,1.739946891
4465,seasonal,b.mid,2insensi,1.740044407
2286,rainforest,b.mid,1oport,1.742943944
2529.4,seasonal,b.mid,2insensi,1.744661946
1280,rainforest,b.mid,2insensi,1.745955387
1498,seasonal,b.mid,1oport,1.747300795
1118,araucaria,c.late,1oport,1.747482427
3542,rainforest,d.old,4rare,1.748188024
6441,seasonal,a.early,2insensi,1.748394773
388,rainforest,b.mid,4rare,1.749549452
3717,seasonal,d.old,2insensi,1.749744085
1618,seasonal,b.mid,2insensi,1.749977461
1534,seasonal,b.mid,1oport,1.750682552
531,seasonal,b.mid,2insensi,1.750945999
2442,seasonal,b.mid,3sensi,1.751279115
660,araucaria,b.mid,2insensi,1.752012184
4630,rainforest,d.old,3sensi,1.752938727
3670,rainforest,c.late,1oport,1.753603751
2410,rainforest,b.mid,4rare,1.754113013
3963,rainforest,b.mid,1oport,1.754178402
71,seasonal,b.mid,3sensi,1.755027452
1036,seasonal,b.mid,4rare,1.755288357
1119,araucaria,b.mid,3sensi,1.756098886
608.6,araucaria,b.mid,2insensi,1.757210042
3696,seasonal,d.old,4rare,1.757488039
5550.3,rainforest,a.early,1oport,1.757894824
1070,seasonal,d.old,3sensi,1.758161341
5550,rainforest,a.early,1oport,1.758414798
6468,seasonal,b.mid,1oport,1.758460915
3722,seasonal,b.mid,2insensi,1.758810764
585,seasonal,c.late,2insensi,1.760188731
272,seasonal,c.late,2insensi,1.76062691
846,rainforest,b.mid,1oport,1.761760842
6109,rainforest,c.late,1oport,1.761760842
1445,seasonal,b.mid,2insensi,1.761987663
767,seasonal,b.mid,1oport,1.76450597
4446,seasonal,b.mid,2insensi,1.764787289
767,seasonal,b.mid,2insensi,1.76501112
141,seasonal,b.mid,1oport,1.765231652
2412,rainforest,b.mid,2insensi,1.768264562
199,seasonal,b.mid,2insensi,1.770359286
5131,araucaria,d.old,2insensi,1.77115441
3441,rainforest,d.old,2insensi,1.771296408
6180,rainforest,b.mid,4rare,1.77190229
2393,seasonal,d.old,4rare,1.772736145
1253,rainforest,c.late,2insensi,1.773586276
1047,rainforest,d.old,2insensi,1.774684695
6104,seasonal,b.mid,2insensi,1.775662453
793,rainforest,c.late,2insensi,1.776115963
350,seasonal,b.mid,4rare,1.776624733
3197,seasonal,b.mid,1oport,1.777538069
3677,rainforest,d.old,4rare,1.777775574
2164,seasonal,b.mid,1oport,1.778530703
1082,seasonal,b.mid,3sensi,1.778642524
3673,araucaria,d.old,2insensi,1.778833733
6160,seasonal,a.early,1oport,1.779518501
6446,seasonal,a.early,1oport,1.779646239
4209,rainforest,a.early,2insensi,1.780748447
846,rainforest,b.mid,2insensi,1.780944152
6109,rainforest,c.late,2insensi,1.780944152
2196,seasonal,b.mid,3sensi,1.782023135
1279,rainforest,a.early,2insensi,1.783058578
6154,seasonal,a.early,2insensi,1.783710718
132,seasonal,b.mid,3sensi,1.783828395
3645,seasonal,d.old,3sensi,1.784752181
3610,rainforest,b.mid,1oport,1.785100121
1734,araucaria,c.late,2insensi,1.785666775
822,rainforest,b.mid,2insensi,1.785818691
4625.9,araucaria,b.mid,1oport,1.786584414
3649,seasonal,d.old,3sensi,1.787044959
1697,seasonal,b.mid,2insensi,1.787555625
2286,rainforest,b.mid,2insensi,1.788701424
2250,rainforest,d.old,2insensi,1.789009179
6160,seasonal,a.early,4rare,1.789912362
1322,rainforest,d.old,2insensi,1.789931291
1146,seasonal,b.mid,1oport,1.790000535
1371,rainforest,c.late,3sensi,1.790560511
321,rainforest,b.mid,2insensi,1.79070967
2230,rainforest,b.mid,2insensi,1.790820219
232,seasonal,b.mid,2insensi,1.791231084
501,rainforest,b.mid,2insensi,1.792450292
571,araucaria,d.old,3sensi,1.792887881
164,seasonal,b.mid,4rare,1.793042156
4252,rainforest,b.mid,3sensi,1.793155161
795,araucaria,d.old,3sensi,1.793689595
215,seasonal,b.mid,3sensi,1.793767949
4213,rainforest,b.mid,2insensi,1.794091535
908,rainforest,b.mid,2insensi,1.794459242
1070,seasonal,d.old,1oport,1.794527777
307,seasonal,b.mid,3sensi,1.79456872
4202,rainforest,b.mid,2insensi,1.794932932
1363,seasonal,b.mid,2insensi,1.795124053
2471,rainforest,b.mid,1oport,1.798041797
323,rainforest,c.late,2insensi,1.798413548
1698,rainforest,b.mid,4rare,1.799340546
3942,seasonal,d.old,1oport,1.799340546
5190.9,rainforest,b.mid,2insensi,1.799633101
909,rainforest,b.mid,2insensi,1.800911225
4630,rainforest,d.old,2insensi,1.801150876
388,rainforest,b.mid,1oport,1.801570565
2549,seasonal,b.mid,2insensi,1.80192746
4253,rainforest,b.mid,4rare,1.8035776
2470,rainforest,b.mid,2insensi,1.804528131
6178,rainforest,b.mid,3sensi,1.804729894
1259,seasonal,b.mid,1oport,1.804758013
794,rainforest,c.late,1oport,1.804820684
1498,seasonal,b.mid,2insensi,1.805922198
3684,seasonal,d.old,2insensi,1.806067197
4438,seasonal,b.mid,1oport,1.806179974
1118,araucaria,c.late,3sensi,1.806603885
4581,seasonal,c.late,2insensi,1.807258195
4209,rainforest,a.early,1oport,1.807645425
4251,rainforest,b.mid,2insensi,1.80764841
131,rainforest,b.mid,1oport,1.808114461
4954,araucaria,d.old,2insensi,1.808184683
1371,rainforest,c.late,2insensi,1.808969286
2470,rainforest,b.mid,1oport,1.809706073
138,seasonal,b.mid,2insensi,1.809865656
138,seasonal,b.mid,4rare,1.809865656
2443,rainforest,c.late,1oport,1.810110274
1497,seasonal,b.mid,3sensi,1.810335947
560,seasonal,b.mid,4rare,1.811032474
87,rainforest,b.mid,2insensi,1.811164513
1357,rainforest,b.mid,2insensi,1.811510136
4625.6,araucaria,c.late,2insensi,1.812640872
6140,seasonal,b.mid,2insensi,1.812809581
4258,seasonal,b.mid,4rare,1.812913368
6175,rainforest,a.early,3sensi,1.812913368
4392,seasonal,b.mid,4rare,1.813034826
1358,rainforest,c.late,2insensi,1.813691382
4449,seasonal,b.mid,4rare,1.814363432
2412,rainforest,b.mid,1oport,1.815565645
3626,rainforest,b.mid,2insensi,1.817823961
562,seasonal,b.mid,1oport,1.818922703
2417,rainforest,b.mid,2insensi,1.819057135
246,seasonal,b.mid,3sensi,1.819276764
4434,seasonal,b.mid,4rare,1.81954394
3658,seasonal,d.old,2insensi,1.820266716
4253,rainforest,b.mid,3sensi,1.820951702
142,seasonal,b.mid,2insensi,1.821238758
334,rainforest,c.late,2insensi,1.821405458
3441,rainforest,d.old,1oport,1.822032738
547,seasonal,b.mid,2insensi,1.822121365
4581,seasonal,c.late,4rare,1.82402842
6467,seasonal,b.mid,2insensi,1.824451282
377,seasonal,b.mid,2insensi,1.824608664
3721,seasonal,d.old,2insensi,1.824621163
933,seasonal,b.mid,4rare,1.825263796
1017,rainforest,d.old,3sensi,1.825953253
2463,rainforest,d.old,2insensi,1.826151049
4263,seasonal,d.old,2insensi,1.826868182
3645,seasonal,d.old,2insensi,1.827369284
6152,rainforest,a.early,3sensi,1.827369284
1011,seasonal,c.late,1oport,1.827839031
1036,seasonal,b.mid,1oport,1.827839031
2463,rainforest,d.old,3sensi,1.828447504
4394,seasonal,d.old,3sensi,1.828702467
4392,seasonal,b.mid,3sensi,1.828818262
1534,seasonal,b.mid,2insensi,1.82916387
2327,seasonal,d.old,3sensi,1.829446085
4574,seasonal,a.early,2insensi,1.829681419
3677,rainforest,d.old,2insensi,1.83084968
6047,rainforest,b.mid,4rare,1.830916967
4446,seasonal,b.mid,3sensi,1.83120798
3593,seasonal,b.mid,2insensi,1.83122968
3620,rainforest,b.mid,4rare,1.833259626
5606.6,rainforest,b.mid,4rare,1.833447105
608,rainforest,b.mid,1oport,1.834102645
2417,rainforest,b.mid,1oport,1.834281474
5190,rainforest,b.mid,4rare,1.834356888
4387,seasonal,d.old,2insensi,1.835365331
3691,seasonal,d.old,2insensi,1.836862011
3785,araucaria,b.mid,4rare,1.837500862
1239,araucaria,b.mid,4rare,1.837662029
6465,seasonal,a.early,2insensi,1.838447147
3968,rainforest,b.mid,1oport,1.838782469
2279,seasonal,b.mid,1oport,1.838849079
6180,rainforest,b.mid,3sensi,1.838849079
121,seasonal,b.mid,2insensi,1.839072686
4447,seasonal,c.late,1oport,1.839345725
2404,rainforest,b.mid,1oport,1.840487939
2429,rainforest,b.mid,1oport,1.841007334
3765,rainforest,b.mid,3sensi,1.841562387
3654,rainforest,b.mid,1oport,1.841984811
1697,seasonal,b.mid,1oport,1.843645265
2549,seasonal,b.mid,4rare,1.844925681
3712,seasonal,d.old,1oport,1.845098049
306,seasonal,b.mid,2insensi,1.845883368
1344,seasonal,d.old,2insensi,1.847056732
322,seasonal,c.late,2insensi,1.847057098
825,rainforest,b.mid,3sensi,1.848032479
2327,seasonal,d.old,1oport,1.849905788
1353,rainforest,b.mid,4rare,1.849988884
1259,seasonal,b.mid,2insensi,1.851820649
1070,seasonal,d.old,4rare,1.852198382
6001,seasonal,b.mid,2insensi,1.853793891
4446,seasonal,b.mid,4rare,1.853871964
3777,rainforest,b.mid,4rare,1.854067099
660,araucaria,b.mid,1oport,1.854189208
777.3,rainforest,b.mid,2insensi,1.854730358
5606.3,rainforest,b.mid,4rare,1.854785315
3785,araucaria,b.mid,1oport,1.855438868
3974.5,rainforest,b.mid,4rare,1.85584519
4396,seasonal,d.old,4rare,1.85589069
3696,seasonal,d.old,3sensi,1.856282212
1069,seasonal,b.mid,4rare,1.856379048
350,seasonal,b.mid,2insensi,1.856484581
142,seasonal,b.mid,4rare,1.857063474
6465,seasonal,a.early,4rare,1.857332493
4135,araucaria,d.old,3sensi,1.858014822
562,seasonal,b.mid,4rare,1.859251465
1003,seasonal,b.mid,1oport,1.859338473
6227,rainforest,b.mid,4rare,1.859432505
3973,rainforest,b.mid,2insensi,1.860096965
732,seasonal,b.mid,1oport,1.860527515
2371,seasonal,b.mid,1oport,1.860735403
246,seasonal,b.mid,2insensi,1.860974795
2151,seasonal,b.mid,3sensi,1.861471212
4615,araucaria,b.mid,1oport,1.861697302
3645,seasonal,d.old,1oport,1.861786823
3717,seasonal,d.old,1oport,1.862205929
990,seasonal,d.old,3sensi,1.862210673
1258,araucaria,c.late,2insensi,1.862311086
708,araucaria,c.late,2insensi,1.862706985
4650,seasonal,c.late,3sensi,1.862777178
777.6,rainforest,c.late,2insensi,1.863022673
4438,seasonal,b.mid,2insensi,1.863856191
1500,rainforest,b.mid,2insensi,1.86412129
306,seasonal,b.mid,1oport,1.864213028
6108,rainforest,a.early,2insensi,1.864293092
608.2,araucaria,b.mid,2insensi,1.864511087
2157,seasonal,d.old,2insensi,1.865145227
964,seasonal,b.mid,3sensi,1.866076273
6227,rainforest,b.mid,1oport,1.866287345
3620,rainforest,b.mid,1oport,1.86642801
6179,rainforest,b.mid,3sensi,1.866877799
2392,rainforest,d.old,2insensi,1.867703448
726,araucaria,b.mid,3sensi,1.868252478
4211,rainforest,c.late,2insensi,1.868344547
3963,rainforest,b.mid,3sensi,1.869152395
1036,seasonal,b.mid,3sensi,1.869231704
5190,rainforest,b.mid,2insensi,1.871102031
1553,seasonal,a.early,2insensi,1.871281849
4450,seasonal,b.mid,2insensi,1.871628102
809,seasonal,b.mid,1oport,1.871895531
182,seasonal,b.mid,2insensi,1.872272857
979,seasonal,c.late,4rare,1.873126768
6154,seasonal,a.early,4rare,1.873354792
2246,rainforest,b.mid,3sensi,1.873696631
1203,seasonal,a.early,2insensi,1.874159573
1362,seasonal,b.mid,4rare,1.874252026
1604,seasonal,d.old,2insensi,1.87464146
1506,seasonal,b.mid,2insensi,1.874668047
964,seasonal,b.mid,1oport,1.875455412
608.4,araucaria,c.late,1oport,1.877946955
608.4,araucaria,c.late,3sensi,1.877946955
608.1,seasonal,b.mid,4rare,1.878521803
608,rainforest,b.mid,4rare,1.879860152
3688,seasonal,d.old,3sensi,1.880057307
3974,rainforest,b.mid,1oport,1.881061962
3776,seasonal,b.mid,4rare,1.881191242
777.3,rainforest,b.mid,1oport,1.881430911
3671,rainforest,b.mid,2insensi,1.882022903
3197,seasonal,b.mid,2insensi,1.88255015
6223,seasonal,b.mid,2insensi,1.882993041
164,seasonal,b.mid,2insensi,1.883277289
998.1,araucaria,b.mid,1oport,1.883976722
1082,seasonal,b.mid,2insensi,1.883981576
1010,seasonal,c.late,3sensi,1.88460659
2393,seasonal,d.old,3sensi,1.885387982
606,araucaria,d.old,3sensi,1.885392618
4252,rainforest,b.mid,4rare,1.886787478
3677,rainforest,d.old,3sensi,1.887441279
964,seasonal,b.mid,2insensi,1.887953003
4607,seasonal,b.mid,4rare,1.888635379
1499,seasonal,b.mid,1oport,1.889003523
743,araucaria,d.old,2insensi,1.8892183
964,seasonal,b.mid,4rare,1.890769534
3870,seasonal,b.mid,1oport,1.891513995
1003,seasonal,b.mid,4rare,1.891523163
1498,seasonal,b.mid,3sensi,1.891852458
65,seasonal,b.mid,2insensi,1.893109863
4436,seasonal,b.mid,1oport,1.893682506
6161,seasonal,b.mid,1oport,1.894570516
129,seasonal,b.mid,1oport,1.8948243
121,seasonal,b.mid,3sensi,1.89526464
3441,rainforest,d.old,3sensi,1.89526464
138,seasonal,b.mid,3sensi,1.895995763
2279,seasonal,b.mid,4rare,1.896841052
1082,seasonal,b.mid,1oport,1.896926233
3699,seasonal,b.mid,1oport,1.897804398
334,rainforest,c.late,4rare,1.897861791
708,araucaria,c.late,3sensi,1.898643004
4460,seasonal,b.mid,4rare,1.899455703
2119,seasonal,b.mid,4rare,1.899683745
4954,araucaria,d.old,3sensi,1.900820433
3540,rainforest,c.late,1oport,1.901016965
5279.5,araucaria,b.mid,4rare,1.901416387
732,seasonal,b.mid,2insensi,1.902030178
200,seasonal,d.old,2insensi,1.902191753
871,rainforest,b.mid,2insensi,1.903089987
3542,rainforest,d.old,1oport,1.903089987
3623,rainforest,b.mid,1oport,1.903089987
3974,rainforest,b.mid,4rare,1.903971248
3878,rainforest,d.old,2insensi,1.904010415
348,seasonal,c.late,1oport,1.904757156
4290,seasonal,b.mid,3sensi,1.905844907
3716,seasonal,b.mid,1oport,1.906220939
348,seasonal,c.late,2insensi,1.906518989
1776,seasonal,b.mid,4rare,1.906716541
2428,seasonal,b.mid,1oport,1.907084072
666,rainforest,a.early,2insensi,1.907509087
4207,rainforest,c.late,2insensi,1.907862009
1492,rainforest,b.mid,2insensi,1.908017581
2429,rainforest,b.mid,3sensi,1.908142663
2252,rainforest,b.mid,2insensi,1.908169518
89,seasonal,b.mid,2insensi,1.908963596
200,seasonal,d.old,1oport,1.90943015
1604,seasonal,d.old,4rare,1.909823381
2164,seasonal,b.mid,2insensi,1.910100044
1017,rainforest,d.old,2insensi,1.911588036
2529.6,seasonal,b.mid,2insensi,1.911863911
3865,araucaria,d.old,2insensi,1.912660943
4401,seasonal,b.mid,4rare,1.912707225
6176,rainforest,a.early,3sensi,1.912849832
1550,seasonal,b.mid,3sensi,1.914436512
4440,seasonal,b.mid,2insensi,1.914701821
3962,rainforest,b.mid,1oport,1.915846105
3962,rainforest,b.mid,3sensi,1.915846105
750,araucaria,d.old,3sensi,1.916221626
1503,seasonal,b.mid,3sensi,1.91666278
2011,seasonal,b.mid,1oport,1.917813256
1343,rainforest,d.old,3sensi,1.918030325
259,seasonal,b.mid,4rare,1.918178648
4212,rainforest,b.mid,2insensi,1.918399572
2165,rainforest,d.old,4rare,1.918799679
3671,rainforest,b.mid,4rare,1.920512069
2247,rainforest,b.mid,2insensi,1.920818754
1438,rainforest,c.late,2insensi,1.921468148
869,rainforest,c.late,2insensi,1.922564902
5569.4,seasonal,c.late,3sensi,1.922715182
3197,seasonal,b.mid,4rare,1.923987899
862,rainforest,b.mid,4rare,1.924279283
293,seasonal,b.mid,3sensi,1.924846381
6107,araucaria,c.late,1oport,1.92492507
707,seasonal,d.old,2insensi,1.924942059
2127,seasonal,b.mid,2insensi,1.925955007
3653,seasonal,d.old,1oport,1.926342455
224,seasonal,a.early,3sensi,1.92716499
6177,rainforest,b.mid,1oport,1.927557011
2097,seasonal,b.mid,2insensi,1.928306768
4445,seasonal,b.mid,2insensi,1.928424794
1549,rainforest,b.mid,2insensi,1.928491241
587,seasonal,c.late,2insensi,1.929321772
810,seasonal,b.mid,1oport,1.929418921
4992,rainforest,b.mid,1oport,1.929418921
4449,seasonal,b.mid,2insensi,1.929962133
2246,rainforest,b.mid,2insensi,1.930694398
3699,seasonal,b.mid,3sensi,1.930727054
4643.6,rainforest,b.mid,4rare,1.931118711
2844,seasonal,b.mid,3sensi,1.931132608
214,seasonal,b.mid,2insensi,1.931373757
6178,rainforest,b.mid,1oport,1.93160313
348,seasonal,c.late,3sensi,1.931678229
129,seasonal,b.mid,3sensi,1.931966131
174,seasonal,b.mid,3sensi,1.932344227
858,rainforest,c.late,1oport,1.932658232
3872,seasonal,b.mid,1oport,1.933571906
777.9,rainforest,d.old,2insensi,1.933742486
3870,seasonal,b.mid,2insensi,1.935117134
3540,rainforest,c.late,3sensi,1.935171259
2151,seasonal,b.mid,2insensi,1.935202533
1352,seasonal,b.mid,3sensi,1.937073161
3996,seasonal,d.old,1oport,1.93768074
174,seasonal,b.mid,4rare,1.937924085
580,seasonal,b.mid,3sensi,1.938269465
3653,seasonal,d.old,2insensi,1.938351341
561,seasonal,b.mid,4rare,1.938935392
3912,rainforest,b.mid,1oport,1.939002524
147,seasonal,b.mid,2insensi,1.939257411
1500,rainforest,b.mid,1oport,1.940073547
1550,seasonal,b.mid,1oport,1.940765438
3602,rainforest,d.old,2insensi,1.940984965
2119,seasonal,b.mid,1oport,1.941076416
732,seasonal,b.mid,3sensi,1.94108529
4573,rainforest,d.old,2insensi,1.941102923
4443,seasonal,c.late,2insensi,1.941627279
1124,seasonal,b.mid,3sensi,1.94239973
2427,seasonal,b.mid,3sensi,1.942504111
2394,rainforest,b.mid,1oport,1.943832818
4463,seasonal,b.mid,3sensi,1.944482686
2429,rainforest,b.mid,4rare,1.944756757
232,seasonal,b.mid,1oport,1.945241248
2371,seasonal,b.mid,3sensi,1.94533092
3610,rainforest,b.mid,4rare,1.945468604
531,seasonal,b.mid,4rare,1.945567058
273,seasonal,c.late,1oport,1.94564235
5622,araucaria,b.mid,4rare,1.945890429
4992,rainforest,b.mid,3sensi,1.946793017
1271,rainforest,c.late,2insensi,1.946877438
4206,rainforest,c.late,2insensi,1.946893578
4446,seasonal,b.mid,1oport,1.946921557
580,seasonal,b.mid,2insensi,1.947011307
3540,rainforest,c.late,4rare,1.947760401
707,seasonal,d.old,1oport,1.947947202
871,rainforest,b.mid,3sensi,1.948147612
825,rainforest,b.mid,2insensi,1.948210555
1502,seasonal,b.mid,3sensi,1.948847478
797,araucaria,d.old,3sensi,1.949279091
4964,seasonal,d.old,2insensi,1.949357272
3668,seasonal,b.mid,3sensi,1.949390009
2097,seasonal,b.mid,1oport,1.950086539
4465,seasonal,b.mid,3sensi,1.950122932
933,seasonal,b.mid,1oport,1.950202542
3712,seasonal,d.old,4rare,1.950460525
1440,seasonal,d.old,2insensi,1.950705091
806,araucaria,b.mid,2insensi,1.951056755
1362,seasonal,b.mid,2insensi,1.95114492
979,seasonal,c.late,1oport,1.952308021
2286,rainforest,b.mid,4rare,1.952908276
4439,seasonal,b.mid,2insensi,1.954542137
6108,rainforest,a.early,3sensi,1.955152031
2094,rainforest,d.old,1oport,1.955206518
273,seasonal,c.late,2insensi,1.955417871
118,seasonal,b.mid,4rare,1.955836255
3996,seasonal,d.old,2insensi,1.955953138
794,rainforest,c.late,3sensi,1.9564695
843,seasonal,d.old,4rare,1.956841358
4449,seasonal,b.mid,1oport,1.95689413
1704,rainforest,c.late,2insensi,1.956988994
5550.6,rainforest,a.early,1oport,1.957224042
3544,araucaria,d.old,2insensi,1.957864675
608,rainforest,b.mid,3sensi,1.959041392
4290,seasonal,b.mid,2insensi,1.959461939
4437,seasonal,c.late,1oport,1.960072052
141,seasonal,b.mid,4rare,1.960457912
966,seasonal,c.late,1oport,1.960525837
4436,seasonal,b.mid,3sensi,1.960629312
273,seasonal,c.late,4rare,1.961081934
2255,rainforest,b.mid,4rare,1.961455499
608.6,araucaria,b.mid,4rare,1.961684706
3695,seasonal,d.old,2insensi,1.96268739
1505,seasonal,b.mid,2insensi,1.963077616
6151,araucaria,a.early,2insensi,1.963303411
4447,seasonal,c.late,2insensi,1.963448989
2470,rainforest,b.mid,3sensi,1.96419321
909,rainforest,b.mid,4rare,1.965358511
4251,rainforest,b.mid,3sensi,1.965401099
6153,seasonal,b.mid,4rare,1.966423343
1492,rainforest,b.mid,1oport,1.966576245
3654,rainforest,b.mid,3sensi,1.966923537
2349,rainforest,b.mid,4rare,1.967687771
2362,rainforest,d.old,4rare,1.969754658
1499,seasonal,b.mid,3sensi,1.970036765
1343,rainforest,d.old,4rare,1.970736705
4657,seasonal,c.late,2insensi,1.970805283
759,araucaria,b.mid,3sensi,1.970811618
2394,rainforest,b.mid,4rare,1.971353891
2165,rainforest,d.old,2insensi,1.971543273
295,seasonal,b.mid,2insensi,1.971842581
336,seasonal,c.late,3sensi,1.971971263
4465,seasonal,b.mid,4rare,1.973152833
6001,seasonal,b.mid,3sensi,1.97417268
4437,seasonal,c.late,2insensi,1.974192732
869,rainforest,c.late,4rare,1.974289692
3625,rainforest,b.mid,1oport,1.975310861
594,rainforest,a.early,2insensi,1.975431791
131,rainforest,b.mid,3sensi,1.976518886
2230,rainforest,b.mid,1oport,1.976876201
608.2,araucaria,b.mid,3sensi,1.977215348
759.5,araucaria,b.mid,3sensi,1.977307833
1004,seasonal,b.mid,4rare,1.977941246
3942,seasonal,d.old,4rare,1.9790661
89,seasonal,b.mid,3sensi,1.980028929
5397,seasonal,d.old,1oport,1.982271219
6223,seasonal,b.mid,1oport,1.982505426
6107,araucaria,c.late,3sensi,1.982917012
810,seasonal,b.mid,3sensi,1.983248292
4465,seasonal,b.mid,1oport,1.983546706
1702,seasonal,b.mid,2insensi,1.983580535
4215,rainforest,b.mid,2insensi,1.983805241
87,rainforest,b.mid,4rare,1.984250267
871,rainforest,b.mid,4rare,1.985100522
5569.4,seasonal,c.late,2insensi,1.985565405
307,seasonal,b.mid,2insensi,1.985875337
5970,seasonal,c.late,4rare,1.986304396
4605,seasonal,a.early,4rare,1.986323796
5996,seasonal,b.mid,3sensi,1.986771749
3441,rainforest,d.old,4rare,1.987035036
2428,seasonal,b.mid,3sensi,1.987210466
1376,rainforest,b.mid,4rare,1.987685466
1327,rainforest,b.mid,2insensi,1.987819689
6177,rainforest,b.mid,3sensi,1.988189048
547,seasonal,b.mid,3sensi,1.988388159
2230,rainforest,b.mid,4rare,1.988718985
606,araucaria,d.old,1oport,1.989397457
572,seasonal,d.old,2insensi,1.989576431
136,seasonal,b.mid,2insensi,1.990286142
2127,seasonal,b.mid,3sensi,1.990943973
3649,seasonal,d.old,2insensi,1.990965325
5622,araucaria,b.mid,1oport,1.991117969
2094,rainforest,d.old,2insensi,1.991418691
843,seasonal,d.old,1oport,1.991468852
4448,seasonal,c.late,2insensi,1.991566851
2428,seasonal,b.mid,4rare,1.991967294
6160,seasonal,a.early,3sensi,1.992332561
6110,rainforest,c.late,2insensi,1.99240997
933.3,seasonal,c.late,4rare,1.992490381
1703,rainforest,b.mid,2insensi,1.993035212
500,rainforest,b.mid,2insensi,1.993360189
1734,araucaria,c.late,1oport,1.994170462
5980,rainforest,d.old,2insensi,1.994262129
2463,rainforest,d.old,1oport,1.995147478
875,rainforest,d.old,1oport,1.995210443
825,rainforest,b.mid,4rare,1.995635199
2392,rainforest,d.old,4rare,1.996886784
4263,seasonal,d.old,3sensi,1.997073444
6227,rainforest,b.mid,3sensi,1.997475027
4216,rainforest,a.early,2insensi,1.9985008
6178,rainforest,b.mid,4rare,1.998549926
608.2,araucaria,b.mid,4rare,1.999209652
858,rainforest,c.late,4rare,1.999605015
4263,seasonal,d.old,1oport,2.000081916
3643,seasonal,d.old,3sensi,2.000756157
4626,seasonal,b.mid,3sensi,2.001224089
2280,seasonal,b.mid,4rare,2.001515288
3682,seasonal,b.mid,4rare,2.001868396
2392,rainforest,d.old,3sensi,2.002696812
1119,araucaria,b.mid,4rare,2.003147068
4964,seasonal,d.old,3sensi,2.003460529
4992,rainforest,b.mid,4rare,2.003520638
1883,rainforest,b.mid,2insensi,2.00400037
45,seasonal,b.mid,4rare,2.004139119
4581,seasonal,c.late,1oport,2.005106678
6469,seasonal,a.early,2insensi,2.005523679
83,seasonal,b.mid,2insensi,2.005650639
5091,seasonal,b.mid,1oport,2.005653807
5999,rainforest,d.old,3sensi,2.007703645
754,araucaria,c.late,1oport,2.008600153
1616,rainforest,b.mid,2insensi,2.009620338
4576,seasonal,c.late,2insensi,2.010437885
6460,seasonal,b.mid,3sensi,2.010723846
1505,seasonal,b.mid,1oport,2.011048483
4598,rainforest,b.mid,1oport,2.011133846
350,seasonal,b.mid,3sensi,2.013746415
4258,seasonal,b.mid,2insensi,2.014683932
6180,rainforest,b.mid,1oport,2.014940339
3676,rainforest,d.old,3sensi,2.014959667
4643,rainforest,b.mid,3sensi,2.015271473
3626,rainforest,b.mid,1oport,2.017033322
5606.3,rainforest,b.mid,3sensi,2.01774356
4650,seasonal,c.late,2insensi,2.017782559
1698,rainforest,b.mid,1oport,2.017960317
1429,rainforest,b.mid,2insensi,2.018221292
4202,rainforest,b.mid,1oport,2.01960235
560,seasonal,b.mid,3sensi,2.020059799
2011,seasonal,b.mid,4rare,2.020203365
795,araucaria,d.old,2insensi,2.020222793
3607,rainforest,b.mid,4rare,2.020475571
754,araucaria,c.late,4rare,2.020499382
862,rainforest,b.mid,3sensi,2.021189277
3541,rainforest,b.mid,3sensi,2.021189277
863,seasonal,c.late,3sensi,2.021236842
2844,seasonal,b.mid,4rare,2.022455864
501,rainforest,b.mid,3sensi,2.023808726
293,seasonal,b.mid,2insensi,2.024108221
307,seasonal,b.mid,1oport,2.024292261
2247,rainforest,b.mid,3sensi,2.024823604
2250,rainforest,d.old,4rare,2.026245182
272,seasonal,c.late,4rare,2.026328925
794,rainforest,c.late,4rare,2.026669415
118,seasonal,b.mid,3sensi,2.027018861
1505,seasonal,b.mid,4rare,2.027195123
6223,seasonal,b.mid,4rare,2.027898663
3671,rainforest,b.mid,3sensi,2.028381074
2247,rainforest,b.mid,1oport,2.029963239
336,seasonal,c.late,2insensi,2.030261609
3643,seasonal,d.old,2insensi,2.031833501
1235,araucaria,b.mid,1oport,2.032081253
4198,araucaria,b.mid,3sensi,2.032557568
158,seasonal,b.mid,3sensi,2.032929964
1362,seasonal,b.mid,1oport,2.033730345
777,rainforest,a.early,3sensi,2.033825685
4460,seasonal,b.mid,1oport,2.034154299
3616,rainforest,b.mid,1oport,2.034494775
2093,rainforest,d.old,3sensi,2.035429732
4448,seasonal,c.late,1oport,2.035538312
3965,rainforest,b.mid,3sensi,2.035912566
725,araucaria,b.mid,3sensi,2.03642928
1281,rainforest,c.late,3sensi,2.037034806
5569.5,seasonal,c.late,3sensi,2.037289094
1550,seasonal,b.mid,4rare,2.03767547
1702,seasonal,b.mid,1oport,2.038798244
5397,seasonal,d.old,2insensi,2.039162677
572,seasonal,d.old,1oport,2.040514423
2250,rainforest,d.old,3sensi,2.041856903
1352,seasonal,b.mid,2insensi,2.042049196
4459,seasonal,b.mid,1oport,2.042181602
4459,seasonal,b.mid,3sensi,2.042181602
3681,seasonal,b.mid,2insensi,2.042756581
4440,seasonal,b.mid,1oport,2.04383157
1779,araucaria,c.late,3sensi,2.044412875
2443,rainforest,c.late,3sensi,2.045322979
5190.9,rainforest,b.mid,3sensi,2.0467877
174,seasonal,b.mid,2insensi,2.047091809
2252,rainforest,b.mid,3sensi,2.047288274
4445,seasonal,b.mid,1oport,2.04769199
963,seasonal,d.old,3sensi,2.0483047
86,seasonal,c.late,1oport,2.048402857
1506,seasonal,b.mid,3sensi,2.048431987
873,rainforest,b.mid,2insensi,2.049761898
377,seasonal,b.mid,4rare,2.050478651
2417,rainforest,b.mid,4rare,2.05073869
759.7,araucaria,b.mid,1oport,2.051023844
1124,seasonal,b.mid,1oport,2.051258552
182,seasonal,b.mid,3sensi,2.052728899
875,rainforest,d.old,3sensi,2.052956681
2120,seasonal,b.mid,3sensi,2.053652047
2255,rainforest,b.mid,3sensi,2.054546876
1659,rainforest,b.mid,3sensi,2.055086948
759.2,araucaria,b.mid,3sensi,2.055473901
1069,seasonal,b.mid,3sensi,2.055951395
6461,seasonal,b.mid,3sensi,2.056904843
2450,rainforest,b.mid,2insensi,2.05817285
133,seasonal,b.mid,4rare,2.058426012
1492,rainforest,b.mid,3sensi,2.058645518
759.4,araucaria,b.mid,3sensi,2.058805509
933.3,seasonal,c.late,3sensi,2.059437199
2255,rainforest,b.mid,1oport,2.059941908
1203,seasonal,a.early,3sensi,2.060010666
1363,seasonal,b.mid,1oport,2.06058574
3297,araucaria,b.mid,2insensi,2.060697849
3785,araucaria,b.mid,3sensi,2.062709746
45,seasonal,b.mid,2insensi,2.062962053
323,rainforest,c.late,3sensi,2.064255549
3711,seasonal,d.old,2insensi,2.065752856
1534,seasonal,b.mid,3sensi,2.065952995
86,seasonal,c.late,2insensi,2.066259903
4520,araucaria,c.late,3sensi,2.066791651
336,seasonal,c.late,1oport,2.066946768
873,rainforest,b.mid,1oport,2.067032354
961,seasonal,d.old,4rare,2.068354061
9,seasonal,b.mid,2insensi,2.068368395
273,seasonal,c.late,3sensi,2.070581074
5091,seasonal,b.mid,4rare,2.071561847
4650,seasonal,c.late,4rare,2.072140228
1343,rainforest,d.old,1oport,2.072932311
121,seasonal,b.mid,4rare,2.073786214
571,araucaria,d.old,2insensi,2.073918878
306,seasonal,b.mid,4rare,2.074110866
4572,rainforest,b.mid,3sensi,2.074523867
2245,seasonal,d.old,2insensi,2.075424926
3714,seasonal,d.old,2insensi,2.075618512
3670,rainforest,c.late,4rare,2.075676356
3878,rainforest,d.old,3sensi,2.077389798
966,seasonal,c.late,4rare,2.078786252
71,seasonal,b.mid,4rare,2.079181263
4448,seasonal,c.late,4rare,2.079181263
4616,araucaria,b.mid,4rare,2.079181263
89,seasonal,b.mid,1oport,2.080204345
201,seasonal,b.mid,2insensi,2.081397642
6179,rainforest,b.mid,4rare,2.081887166
3682,seasonal,b.mid,2insensi,2.082735599
2349,rainforest,b.mid,1oport,2.083002865
347,seasonal,c.late,2insensi,2.08313727
1119,araucaria,b.mid,1oport,2.083457833
80,rainforest,d.old,2insensi,2.083606225
1704,rainforest,c.late,4rare,2.083871394
1779.2,araucaria,c.late,3sensi,2.084193396
3626,rainforest,b.mid,4rare,2.084326166
1659,rainforest,b.mid,2insensi,2.084628345
1082,seasonal,b.mid,4rare,2.084864833
4198,araucaria,b.mid,1oport,2.085086604
4436,seasonal,b.mid,4rare,2.085568036
2269,rainforest,d.old,3sensi,2.085745033
321,rainforest,b.mid,3sensi,2.086338972
3777,rainforest,b.mid,1oport,2.087453752
500,rainforest,b.mid,1oport,2.087781399
306,seasonal,b.mid,3sensi,2.088053119
183,seasonal,b.mid,3sensi,2.088096685
4135,araucaria,d.old,4rare,2.088136105
6468,seasonal,b.mid,4rare,2.088136105
2404,rainforest,b.mid,3sensi,2.088272428
4394,seasonal,d.old,4rare,2.088610279
121,seasonal,b.mid,1oport,2.09017663
4202,rainforest,b.mid,3sensi,2.090212017
5550.6,rainforest,a.early,3sensi,2.090346265
6153,seasonal,b.mid,3sensi,2.090719182
4258,seasonal,b.mid,1oport,2.091214618
3865,araucaria,d.old,4rare,2.091766677
743,araucaria,d.old,4rare,2.093079863
3671,rainforest,b.mid,1oport,2.093685919
3970,rainforest,c.late,2insensi,2.094050121
5190,rainforest,b.mid,3sensi,2.094686643
608.5,araucaria,b.mid,1oport,2.094693395
4159,araucaria,b.mid,3sensi,2.095822924
795,araucaria,d.old,4rare,2.097004917
182,seasonal,b.mid,1oport,2.097051073
6108,rainforest,a.early,4rare,2.097571295
2417,rainforest,b.mid,3sensi,2.097790677
863,seasonal,c.late,2insensi,2.098957809
5999,rainforest,d.old,2insensi,2.099138276
5606,rainforest,b.mid,3sensi,2.099384657
3874,rainforest,c.late,2insensi,2.099640028
754,araucaria,c.late,3sensi,2.099680619
873,rainforest,b.mid,4rare,2.099857506
295,seasonal,b.mid,4rare,2.100731084
1146,seasonal,b.mid,4rare,2.102090544
726,araucaria,b.mid,1oport,2.102335693
3676,rainforest,d.old,2insensi,2.103333872
806,araucaria,b.mid,3sensi,2.103362247
743,araucaria,d.old,3sensi,2.103803707
142,seasonal,b.mid,3sensi,2.104324521
998.5,araucaria,b.mid,1oport,2.104603313
3685,seasonal,d.old,2insensi,2.105540156
4572,rainforest,b.mid,4rare,2.105616638
587,seasonal,c.late,3sensi,2.106239458
875,rainforest,d.old,4rare,2.107057458
71,seasonal,b.mid,1oport,2.10720997
1643,rainforest,b.mid,1oport,2.10720997
2157,seasonal,d.old,4rare,2.10859575
3620,rainforest,b.mid,3sensi,2.109466035
2418,rainforest,b.mid,3sensi,2.109707835
2844,seasonal,b.mid,2insensi,2.110157867
5970,seasonal,c.late,1oport,2.110473587
1124,seasonal,b.mid,4rare,2.111406073
793,rainforest,c.late,1oport,2.111430547
793,rainforest,c.late,3sensi,2.111430547
1883,rainforest,b.mid,1oport,2.11185034
2119,seasonal,b.mid,3sensi,2.11257767
4215,rainforest,b.mid,3sensi,2.112656527
45,seasonal,b.mid,1oport,2.113809719
2247,rainforest,b.mid,4rare,2.113943335
1146,seasonal,b.mid,3sensi,2.114071797
1498,seasonal,b.mid,4rare,2.115277572
990,seasonal,d.old,4rare,2.115936645
759.4,araucaria,b.mid,1oport,2.116797456
4598,rainforest,b.mid,4rare,2.118536139
5970,seasonal,c.late,2insensi,2.119859228
2418,rainforest,b.mid,2insensi,2.119975311
2246,rainforest,b.mid,4rare,2.120573907
6470,seasonal,a.early,2insensi,2.120573907
2093,rainforest,d.old,4rare,2.120859947
957,rainforest,d.old,2insensi,2.121178094
4450,seasonal,b.mid,3sensi,2.121559843
171,seasonal,b.mid,3sensi,2.121606271
4206,rainforest,c.late,3sensi,2.121637245
4573,rainforest,d.old,3sensi,2.122127776
214,seasonal,b.mid,3sensi,2.122202345
69,seasonal,b.mid,4rare,2.122381223
3707,seasonal,d.old,3sensi,2.122601123
500,rainforest,b.mid,4rare,2.122726065
2286,rainforest,b.mid,3sensi,2.12458143
585,seasonal,c.late,4rare,2.125022245
3684,seasonal,d.old,3sensi,2.125221699
6467,seasonal,b.mid,4rare,2.125481249
875,rainforest,d.old,2insensi,2.125894599
6109,rainforest,c.late,3sensi,2.126177837
3962,rainforest,b.mid,4rare,2.126699456
3701,seasonal,d.old,2insensi,2.127480879
3602,rainforest,d.old,4rare,2.127892989
2120,seasonal,b.mid,1oport,2.12848404
4625.3,araucaria,b.mid,1oport,2.128799176
4584,seasonal,b.mid,2insensi,2.128844398
3623,rainforest,b.mid,4rare,2.129217511
759.2,araucaria,b.mid,1oport,2.129260085
3670,rainforest,c.late,3sensi,2.129919946
3996,seasonal,d.old,3sensi,2.130536112
3711,seasonal,d.old,4rare,2.130594949
4443,seasonal,c.late,1oport,2.131672142
2127,seasonal,b.mid,1oport,2.132995043
3297,araucaria,b.mid,3sensi,2.134698594
998.3,araucaria,b.mid,4rare,2.134791641
4625.6,araucaria,c.late,3sensi,2.135235299
1534,seasonal,b.mid,4rare,2.135879485
871,rainforest,b.mid,1oport,2.136368187
998.3,araucaria,b.mid,1oport,2.137013104
2450,rainforest,b.mid,3sensi,2.137354096
5569.5,seasonal,c.late,2insensi,2.137498972
3699,seasonal,b.mid,4rare,2.137527881
1259,seasonal,b.mid,4rare,2.137572173
3717,seasonal,d.old,4rare,2.138328572
1357,rainforest,b.mid,1oport,2.140195455
3607,rainforest,b.mid,3sensi,2.140450909
606,araucaria,d.old,4rare,2.140665143
2252,rainforest,b.mid,4rare,2.140972363
4290,seasonal,b.mid,1oport,2.14105763
3865,araucaria,d.old,3sensi,2.14122575
2157,seasonal,d.old,1oport,2.141715934
171,seasonal,b.mid,1oport,2.141972104
272,seasonal,c.late,3sensi,2.142312854
732,seasonal,b.mid,4rare,2.142730662
1280,rainforest,b.mid,3sensi,2.144216835
3658,seasonal,d.old,3sensi,2.14438709
214,seasonal,b.mid,1oport,2.144488658
869,rainforest,c.late,3sensi,2.144760955
4643.6,rainforest,b.mid,3sensi,2.144998551
1549,rainforest,b.mid,4rare,2.145264978
1123,rainforest,d.old,2insensi,2.145376887
2094,rainforest,d.old,4rare,2.146021047
572,seasonal,d.old,4rare,2.146024634
3541,rainforest,b.mid,4rare,2.146128044
5569.4,seasonal,c.late,4rare,2.146795059
5622,araucaria,b.mid,3sensi,2.147535805
4993.8,seasonal,b.mid,3sensi,2.147602725
147,seasonal,b.mid,3sensi,2.148290036
323,rainforest,c.late,4rare,2.148705441
5606.6,rainforest,b.mid,3sensi,2.148760124
4213,rainforest,b.mid,1oport,2.149290187
4463,seasonal,b.mid,4rare,2.149333184
846,rainforest,b.mid,3sensi,2.149345679
1502,seasonal,b.mid,4rare,2.149762341
998.3,araucaria,b.mid,3sensi,2.150585869
1643,rainforest,b.mid,3sensi,2.150874495
759.3,araucaria,b.mid,1oport,2.151063247
3689,seasonal,d.old,2insensi,2.151346283
3694,seasonal,d.old,1oport,2.151510923
3651,seasonal,d.old,3sensi,2.152544197
1500,rainforest,b.mid,3sensi,2.153953381
3688,seasonal,d.old,2insensi,2.154991496
6470,seasonal,a.early,3sensi,2.155336037
6470,seasonal,a.early,4rare,2.155336037
1017,rainforest,d.old,4rare,2.155903729
580,seasonal,b.mid,4rare,2.156115522
5980,rainforest,d.old,1oport,2.156989473
1363,seasonal,b.mid,3sensi,2.157988826
2471,rainforest,b.mid,4rare,2.158910514
2418,rainforest,b.mid,4rare,2.15981973
1429,rainforest,b.mid,4rare,2.160356625
1352,seasonal,b.mid,4rare,2.161114594
3592,seasonal,b.mid,3sensi,2.161367985
6104,seasonal,b.mid,1oport,2.161367985
3658,seasonal,d.old,4rare,2.161528973
1776,seasonal,b.mid,3sensi,2.163076137
3963,rainforest,b.mid,4rare,2.16435286
2246,rainforest,b.mid,1oport,2.164777578
3696,seasonal,d.old,1oport,2.16578651
1428,rainforest,b.mid,1oport,2.166436395
1123,rainforest,d.old,4rare,2.166916538
158,seasonal,b.mid,2insensi,2.167231801
6176,rainforest,a.early,1oport,2.168122359
4440,seasonal,b.mid,3sensi,2.168603218
3653,seasonal,d.old,4rare,2.169380476
531,seasonal,b.mid,1oport,2.171780614
809,seasonal,b.mid,3sensi,2.1731333
759.5,araucaria,b.mid,1oport,2.173602448
3895,seasonal,b.mid,4rare,2.173737325
3651,seasonal,d.old,2insensi,2.174587385
6140,seasonal,b.mid,3sensi,2.175057133
1503,seasonal,b.mid,4rare,2.176091237
4449,seasonal,b.mid,3sensi,2.176091237
4573,rainforest,d.old,1oport,2.176631358
4213,rainforest,b.mid,3sensi,2.178836013
608.4,araucaria,c.late,4rare,2.178976918
4576,seasonal,c.late,1oport,2.179911367
272,seasonal,c.late,1oport,2.179986294
4207,rainforest,c.late,3sensi,2.18001469
321,rainforest,b.mid,4rare,2.181438813
4202,rainforest,b.mid,4rare,2.182049753
500,rainforest,b.mid,3sensi,2.182311697
4447,seasonal,c.late,3sensi,2.183390468
2252,rainforest,b.mid,1oport,2.184375903
1502,seasonal,b.mid,1oport,2.184524396
1327,rainforest,b.mid,3sensi,2.184554087
4626,seasonal,b.mid,1oport,2.18616078
2844,seasonal,b.mid,1oport,2.187117646
2091,rainforest,d.old,4rare,2.18731922
3912,rainforest,b.mid,4rare,2.188325748
1518,rainforest,b.mid,3sensi,2.188445704
3683,seasonal,d.old,2insensi,2.188463399
3970,rainforest,c.late,3sensi,2.189351404
4251,rainforest,b.mid,1oport,2.189704494
87,rainforest,b.mid,1oport,2.189708594
2011,seasonal,b.mid,3sensi,2.190814546
1440,seasonal,d.old,1oport,2.192560703
908,rainforest,b.mid,3sensi,2.192688806
1734,araucaria,c.late,4rare,2.192779916
4447,seasonal,c.late,4rare,2.193820026
80,rainforest,d.old,3sensi,2.194688805
759.3,araucaria,b.mid,3sensi,2.196820758
5550.6,rainforest,a.early,4rare,2.19755619
1621,araucaria,d.old,4rare,2.198516094
750,araucaria,d.old,1oport,2.199267461
3722,seasonal,b.mid,4rare,2.200134616
1492,rainforest,b.mid,4rare,2.202543613
3623,rainforest,b.mid,3sensi,2.204119983
4615,araucaria,b.mid,4rare,2.204119983
846,rainforest,b.mid,4rare,2.204405599
6109,rainforest,c.late,4rare,2.204405599
3723,rainforest,b.mid,2insensi,2.204640197
1494,rainforest,d.old,2insensi,2.204856754
777.6,rainforest,c.late,1oport,2.206486619
6179,rainforest,b.mid,1oport,2.206825885
3557,rainforest,c.late,3sensi,2.207301611
3702,seasonal,d.old,2insensi,2.20744198
3544,araucaria,d.old,1oport,2.20749975
2245,seasonal,d.old,3sensi,2.207951749
5550,rainforest,a.early,4rare,2.208196968
3685,seasonal,d.old,3sensi,2.208725533
5190.3,rainforest,b.mid,3sensi,2.208815083
2250,rainforest,d.old,1oport,2.20951498
65,seasonal,b.mid,1oport,2.211994484
334,rainforest,c.late,1oport,2.212497302
3592,seasonal,b.mid,4rare,2.212520539
4387,seasonal,d.old,1oport,2.21261711
585,seasonal,c.late,1oport,2.212977441
3602,rainforest,d.old,3sensi,2.213582517
336,seasonal,c.late,4rare,2.213879828
4643,rainforest,b.mid,1oport,2.214843846
586,seasonal,c.late,4rare,2.214888008
136,seasonal,b.mid,1oport,2.215599766
5091,seasonal,b.mid,3sensi,2.215805726
4594,seasonal,b.mid,3sensi,2.216079635
295,seasonal,b.mid,3sensi,2.216097064
1047,rainforest,d.old,3sensi,2.21957618
957,rainforest,d.old,3sensi,2.221552879
3682,seasonal,b.mid,3sensi,2.22172796
793,rainforest,c.late,4rare,2.222128815
3685,seasonal,d.old,1oport,2.222188139
259,seasonal,b.mid,3sensi,2.223864057
3682,seasonal,b.mid,1oport,2.224826177
608.1,seasonal,b.mid,1oport,2.225309278
1643,rainforest,b.mid,4rare,2.225309278
972,araucaria,b.mid,1oport,2.225348679
6107,araucaria,c.late,4rare,2.225955102
1604,seasonal,d.old,3sensi,2.227332609
5999,rainforest,d.old,4rare,2.227704264
666.5,rainforest,a.early,3sensi,2.227886687
1344,seasonal,d.old,3sensi,2.228194985
377,seasonal,b.mid,1oport,2.228300984
377,seasonal,b.mid,3sensi,2.228640749
1434,rainforest,d.old,2insensi,2.228769875
4594,seasonal,b.mid,2insensi,2.229197825
3712,seasonal,d.old,2insensi,2.231558226
2297,rainforest,d.old,4rare,2.231824776
2412,rainforest,b.mid,3sensi,2.232390997
3649,seasonal,d.old,1oport,2.232409611
608.5,araucaria,b.mid,3sensi,2.232996126
347,seasonal,c.late,3sensi,2.234121053
1438,rainforest,c.late,3sensi,2.234473601
593,rainforest,c.late,1oport,2.236304698
1518,rainforest,b.mid,1oport,2.236369283
1428,rainforest,b.mid,3sensi,2.236474301
9,seasonal,b.mid,4rare,2.23685926
6110,rainforest,c.late,4rare,2.23689118
83,seasonal,b.mid,3sensi,2.237616016
961,seasonal,d.old,3sensi,2.240364332
2165,rainforest,d.old,3sensi,2.240739677
293,seasonal,b.mid,4rare,2.240965025
1357,rainforest,b.mid,4rare,2.241780807
80,rainforest,d.old,4rare,2.241816502
4581,seasonal,c.late,3sensi,2.24209041
3707,seasonal,d.old,2insensi,2.242124386
3722,seasonal,b.mid,3sensi,2.242722052
1446,seasonal,b.mid,3sensi,2.242882936
3968,rainforest,b.mid,3sensi,2.243736206
182,seasonal,b.mid,4rare,2.243737957
3643,seasonal,d.old,4rare,2.244381454
1618,seasonal,b.mid,1oport,2.245036747
5606,rainforest,b.mid,1oport,2.245512682
5606,rainforest,b.mid,4rare,2.245512682
1358,rainforest,c.late,3sensi,2.245923719
2091,rainforest,d.old,3sensi,2.246297086
4135,araucaria,d.old,1oport,2.246498599
1553,seasonal,a.early,3sensi,2.247303592
972,araucaria,b.mid,4rare,2.247973229
3557,rainforest,c.late,4rare,2.248086473
199,seasonal,b.mid,4rare,2.248245819
3716,seasonal,b.mid,2insensi,2.248617802
6110,rainforest,c.late,3sensi,2.248790358
3714,seasonal,d.old,1oport,2.249586111
259,seasonal,b.mid,1oport,2.249877473
3716,seasonal,b.mid,4rare,2.25108359
1253,rainforest,c.late,3sensi,2.251212208
1704,rainforest,c.late,3sensi,2.252687648
1604,seasonal,d.old,1oport,2.25296858
4458,seasonal,b.mid,3sensi,2.254467488
4954,araucaria,d.old,4rare,2.254608508
2549,seasonal,b.mid,3sensi,2.255100133
759.8,araucaria,b.mid,3sensi,2.25527247
65,seasonal,b.mid,3sensi,2.256355499
908,rainforest,b.mid,1oport,2.25682463
164,seasonal,b.mid,3sensi,2.257198462
4584,seasonal,b.mid,4rare,2.25838212
4463,seasonal,b.mid,1oport,2.258477636
2269,rainforest,d.old,2insensi,2.258626109
3681,seasonal,b.mid,3sensi,2.258891123
843,seasonal,d.old,3sensi,2.25898068
3973,rainforest,b.mid,3sensi,2.260347054
869,rainforest,c.late,1oport,2.263947404
2529.4,seasonal,b.mid,1oport,2.264817792
3970,rainforest,c.late,1oport,2.26488676
65,seasonal,b.mid,4rare,2.265513727
3675,rainforest,d.old,2insensi,2.266608349
966,seasonal,c.late,3sensi,2.266886391
3689,seasonal,d.old,3sensi,2.267551555
1253,rainforest,c.late,1oport,2.267811533
147,seasonal,b.mid,1oport,2.268017004
4584,seasonal,b.mid,3sensi,2.268632225
1734,araucaria,c.late,3sensi,2.269355946
2349,rainforest,b.mid,3sensi,2.270523538
777.9,rainforest,d.old,3sensi,2.270711098
1776,seasonal,b.mid,1oport,2.270859194
2471,rainforest,b.mid,3sensi,2.270884233
2151,seasonal,b.mid,1oport,2.271607174
1123,rainforest,d.old,1oport,2.272656823
777.9,rainforest,d.old,4rare,2.272946826
1376,rainforest,b.mid,3sensi,2.273285258
4435,araucaria,c.late,1oport,2.274625445
580,seasonal,b.mid,1oport,2.274771776
3,rainforest,a.early,3sensi,2.275080868
322,seasonal,c.late,4rare,2.275240203
80,rainforest,d.old,1oport,2.275909933
4438,seasonal,b.mid,3sensi,2.276206383
171,seasonal,b.mid,2insensi,2.276783132
1371,rainforest,c.late,1oport,2.277227093
1503,seasonal,b.mid,1oport,2.277548882
1429,rainforest,b.mid,3sensi,2.278234465
6177,rainforest,b.mid,4rare,2.278753592
1883,rainforest,b.mid,3sensi,2.279203455
4215,rainforest,b.mid,1oport,2.280044242
63,seasonal,b.mid,4rare,2.280356862
2164,seasonal,b.mid,4rare,2.280654209
2549,seasonal,b.mid,1oport,2.280654209
6441,seasonal,a.early,3sensi,2.281033375
6441,seasonal,a.early,4rare,2.281033375
6450,seasonal,b.mid,4rare,2.281033375
3895,seasonal,b.mid,3sensi,2.281851121
2127,seasonal,b.mid,4rare,2.282214116
3695,seasonal,d.old,4rare,2.282440081
743,araucaria,d.old,1oport,2.282617874
200,seasonal,d.old,3sensi,2.283214212
4211,rainforest,c.late,3sensi,2.284763445
759.7,araucaria,b.mid,3sensi,2.285107029
809,seasonal,b.mid,4rare,2.285107029
5996,seasonal,b.mid,4rare,2.287801745
6446,seasonal,a.early,3sensi,2.287801745
1322,rainforest,d.old,3sensi,2.288580689
4438,seasonal,b.mid,4rare,2.288795551
2297,rainforest,d.old,3sensi,2.289147919
3544,araucaria,d.old,4rare,2.290034622
777.9,rainforest,d.old,1oport,2.29028986
3698,seasonal,b.mid,3sensi,2.290690768
3974.5,rainforest,b.mid,1oport,2.291573746
608.6,araucaria,b.mid,1oport,2.292677954
3698,seasonal,b.mid,4rare,2.292947795
5550.3,rainforest,a.early,4rare,2.293152717
6140,seasonal,b.mid,1oport,2.293297576
2230,rainforest,b.mid,3sensi,2.29503967
1330,rainforest,b.mid,3sensi,2.295434184
63,seasonal,b.mid,3sensi,2.296016195
3968,rainforest,b.mid,4rare,2.29693589
2361,rainforest,d.old,4rare,2.297623754
1352,seasonal,b.mid,1oport,2.30070214
201,seasonal,b.mid,3sensi,2.301904241
561,seasonal,b.mid,3sensi,2.302547376
861,rainforest,b.mid,3sensi,2.305351374
861,rainforest,b.mid,4rare,2.305351374
3658,seasonal,d.old,1oport,2.306103235
873,rainforest,b.mid,3sensi,2.306105695
1497,seasonal,b.mid,1oport,2.30697931
5997,rainforest,d.old,2insensi,2.307156428
3616,rainforest,b.mid,3sensi,2.307496071
3870,seasonal,b.mid,3sensi,2.309021477
3684,seasonal,d.old,1oport,2.30907067
5606.3,rainforest,b.mid,1oport,2.309630148
777.6,rainforest,c.late,4rare,2.311240618
4445,seasonal,b.mid,3sensi,2.31202538
259,seasonal,b.mid,2insensi,2.313841986
1434,rainforest,d.old,3sensi,2.314070168
2245,seasonal,d.old,4rare,2.314329456
572,seasonal,d.old,3sensi,2.314410246
3695,seasonal,d.old,3sensi,2.317724655
1438,rainforest,c.late,4rare,2.318051168
4625.9,araucaria,b.mid,3sensi,2.318063363
3593,seasonal,b.mid,3sensi,2.319346362
293,seasonal,b.mid,1oport,2.320146286
3870,seasonal,b.mid,4rare,2.320264572
4290,seasonal,b.mid,4rare,2.320735131
2463,rainforest,d.old,4rare,2.321001067
1358,rainforest,c.late,4rare,2.321644444
3610,rainforest,b.mid,3sensi,2.322219273
3688,seasonal,d.old,1oport,2.322219273
1344,seasonal,d.old,4rare,2.32365973
158,seasonal,b.mid,4rare,2.324200127
6469,seasonal,a.early,3sensi,2.3242825
4573,rainforest,d.old,4rare,2.324693958
1438,rainforest,c.late,1oport,2.325100298
2165,rainforest,d.old,1oport,2.325405853
6223,seasonal,b.mid,3sensi,2.326335873
5569.5,seasonal,c.late,4rare,2.326975589
136,seasonal,b.mid,3sensi,2.327682186
1363,seasonal,b.mid,4rare,2.328144306
6153,seasonal,b.mid,1oport,2.329601243
4159,araucaria,b.mid,4rare,2.329906084
4443,seasonal,c.late,3sensi,2.330993188
547,seasonal,b.mid,4rare,2.331427265
2272,rainforest,d.old,2insensi,2.332063615
201,seasonal,b.mid,1oport,2.333385999
4459,seasonal,b.mid,4rare,2.333666259
1358,rainforest,c.late,1oport,2.333878869
998.5,araucaria,b.mid,3sensi,2.33736851
1259,seasonal,b.mid,3sensi,2.338057897
4258,seasonal,b.mid,3sensi,2.338617469
3872,seasonal,b.mid,3sensi,2.338624289
3973,rainforest,b.mid,4rare,2.340978398
608.6,araucaria,b.mid,3sensi,2.341895932
1703,rainforest,b.mid,4rare,2.344039203
6161,seasonal,b.mid,3sensi,2.344672899
3702,seasonal,d.old,4rare,2.344969864
1616,rainforest,b.mid,3sensi,2.346115622
4448,seasonal,c.late,3sensi,2.346787486
3694,seasonal,d.old,3sensi,2.346969445
3675,rainforest,d.old,3sensi,2.346970314
810,seasonal,b.mid,4rare,2.347330017
1703,rainforest,b.mid,3sensi,2.347584424
214,seasonal,b.mid,4rare,2.347655204
4206,rainforest,c.late,1oport,2.347663134
825,rainforest,b.mid,1oport,2.347817696
4625,araucaria,b.mid,3sensi,2.348052738
4212,rainforest,b.mid,1oport,2.348851906
3683,seasonal,d.old,3sensi,2.351305662
961,seasonal,d.old,1oport,2.351812765
666.5,rainforest,a.early,4rare,2.352825424
3970,rainforest,c.late,4rare,2.35358402
4626,seasonal,b.mid,4rare,2.354283061
587,seasonal,c.late,1oport,2.355526452
4251,rainforest,b.mid,4rare,2.355709549
2091,rainforest,d.old,1oport,2.355723637
2151,seasonal,b.mid,4rare,2.35627844
4993.4,seasonal,b.mid,3sensi,2.356503896
350,seasonal,b.mid,1oport,2.357537854
6461,seasonal,b.mid,4rare,2.357934838
86,seasonal,c.late,4rare,2.359367729
3676,rainforest,d.old,4rare,2.359589726
2164,seasonal,b.mid,3sensi,2.359835505
4657,seasonal,c.late,3sensi,2.359940839
998.1,araucaria,b.mid,3sensi,2.36109801
3676,rainforest,d.old,1oport,2.361845828
1702,seasonal,b.mid,3sensi,2.362176272
2269,rainforest,d.old,1oport,2.363177936
4437,seasonal,c.late,3sensi,2.363177936
4212,rainforest,b.mid,3sensi,2.363276164
3711,seasonal,d.old,1oport,2.364363372
3694,seasonal,d.old,2insensi,2.364536963
1518,rainforest,b.mid,4rare,2.365035908
1616,rainforest,b.mid,4rare,2.366488218
1353,rainforest,b.mid,3sensi,2.366769765
863,seasonal,c.late,4rare,2.366968584
3872,seasonal,b.mid,4rare,2.367289797
2280,seasonal,b.mid,1oport,2.367622083
1883,rainforest,b.mid,4rare,2.368193929
998.2,araucaria,b.mid,1oport,2.369926112
3702,seasonal,d.old,3sensi,2.3700941
140,seasonal,b.mid,3sensi,2.371693645
5397,seasonal,d.old,4rare,2.374925653
5970,seasonal,c.late,3sensi,2.374983217
4594,seasonal,b.mid,4rare,2.375053663
228,seasonal,b.mid,3sensi,2.376008907
592,rainforest,d.old,1oport,2.378397944
5997,rainforest,d.old,1oport,2.378397944
4193,rainforest,d.old,3sensi,2.378626876
4964,seasonal,d.old,4rare,2.380211207
4630,rainforest,d.old,1oport,2.38093444
1702,seasonal,b.mid,4rare,2.381720376
593,rainforest,c.late,4rare,2.382432719
3698,seasonal,b.mid,2insensi,2.382784558
858,rainforest,c.late,3sensi,2.382986337
4574,seasonal,a.early,3sensi,2.384071611
3723,rainforest,b.mid,3sensi,2.38481005
3701,seasonal,d.old,3sensi,2.385051241
322,seasonal,c.late,1oport,2.385585203
4159,araucaria,b.mid,1oport,2.387898097
3625,rainforest,b.mid,4rare,2.388987435
6468,seasonal,b.mid,3sensi,2.389166047
957,rainforest,d.old,4rare,2.389479728
797,araucaria,d.old,1oport,2.390311593
388,rainforest,b.mid,3sensi,2.393520607
777.6,rainforest,c.late,3sensi,2.393910269
1281,rainforest,c.late,1oport,2.394267336
3723,rainforest,b.mid,1oport,2.39427498
4576,seasonal,c.late,3sensi,2.394866981
53,rainforest,d.old,3sensi,2.395114687
118,seasonal,b.mid,1oport,2.395648214
183,seasonal,b.mid,4rare,2.395860058
3681,seasonal,b.mid,4rare,2.39631564
3697,seasonal,d.old,2insensi,2.397465042
4439,seasonal,b.mid,4rare,2.397940009
528,seasonal,b.mid,4rare,2.398807727
2418,rainforest,b.mid,1oport,2.399607204
5550.3,rainforest,a.early,3sensi,2.40039407
3681,seasonal,b.mid,1oport,2.402145163
5569.5,seasonal,c.late,1oport,2.402777092
2297,rainforest,d.old,2insensi,2.40432679
666,rainforest,a.early,3sensi,2.404833703
1593,seasonal,b.mid,3sensi,2.405144449
1271,rainforest,c.late,3sensi,2.405953255
5550.3,rainforest,a.early,2insensi,2.405997938
2269,rainforest,d.old,4rare,2.406190104
3702,seasonal,d.old,1oport,2.407014387
6617,seasonal,b.mid,3sensi,2.410174453
5279.5,araucaria,b.mid,3sensi,2.413299748
4207,rainforest,c.late,1oport,2.414029584
2392,rainforest,d.old,1oport,2.416016124
3701,seasonal,d.old,1oport,2.416085514
797,araucaria,d.old,4rare,2.416640465
990,seasonal,d.old,1oport,2.416966698
3912,rainforest,b.mid,3sensi,2.417999853
132,seasonal,b.mid,4rare,2.419129286
3697,seasonal,d.old,3sensi,2.420875889
4450,seasonal,b.mid,1oport,2.42392818
4440,seasonal,b.mid,4rare,2.425968732
6467,seasonal,b.mid,3sensi,2.426511302
55,seasonal,b.mid,4rare,2.427095072
4657,seasonal,c.late,1oport,2.430485523
6140,seasonal,b.mid,4rare,2.430802654
759.8,araucaria,b.mid,1oport,2.431363729
2094,rainforest,d.old,3sensi,2.432327734
1697,seasonal,b.mid,3sensi,2.432740307
4574,seasonal,a.early,4rare,2.433289642
2361,rainforest,d.old,1oport,2.434796902
4954,araucaria,d.old,1oport,2.435317724
323,rainforest,c.late,1oport,2.436162607
4437,seasonal,c.late,4rare,2.43933265
1616,rainforest,b.mid,1oport,2.439551981
1779,araucaria,c.late,4rare,2.440106177
1618,seasonal,b.mid,4rare,2.441480905
3996,seasonal,d.old,4rare,2.44182743
6154,seasonal,a.early,1oport,2.442622264
1494,rainforest,d.old,3sensi,2.444674796
3677,rainforest,d.old,1oport,2.445470017
4206,rainforest,c.late,4rare,2.445604251
5143,araucaria,d.old,4rare,2.445604251
863,seasonal,c.late,1oport,2.445846291
589,araucaria,b.mid,3sensi,2.445915401
1445,seasonal,b.mid,4rare,2.445963299
2362,rainforest,d.old,1oport,2.446875953
55,seasonal,b.mid,2insensi,2.447844968
2442,seasonal,b.mid,1oport,2.450249144
3697,seasonal,d.old,1oport,2.451362484
3625,rainforest,b.mid,3sensi,2.452024188
4263,seasonal,d.old,4rare,2.454108155
4594,seasonal,b.mid,1oport,2.454234951
86,seasonal,c.late,3sensi,2.454852897
589,araucaria,b.mid,1oport,2.455675301
6154,seasonal,a.early,3sensi,2.455986184
2296,rainforest,d.old,2insensi,2.457025769
2296,rainforest,d.old,3sensi,2.458900867
4598,rainforest,b.mid,3sensi,2.460759377
4387,seasonal,d.old,4rare,2.461671254
2470,rainforest,b.mid,4rare,2.461740037
147,seasonal,b.mid,4rare,2.464272308
4625,araucaria,b.mid,1oport,2.46455827
3602,rainforest,d.old,1oport,2.464638525
5569.4,seasonal,c.late,1oport,2.464638525
1659,rainforest,b.mid,4rare,2.464876213
4439,seasonal,b.mid,3sensi,2.464886853
4401,seasonal,b.mid,3sensi,2.465678116
53,rainforest,d.old,1oport,2.467221296
1428,rainforest,b.mid,4rare,2.468177743
140,seasonal,b.mid,4rare,2.468454156
83,seasonal,b.mid,1oport,2.468481615
3675,rainforest,d.old,4rare,2.468755665
4625.3,araucaria,b.mid,3sensi,2.469501907
4584,seasonal,b.mid,1oport,2.469705767
3197,seasonal,b.mid,3sensi,2.474216225
2412,rainforest,b.mid,4rare,2.475429027
3593,seasonal,b.mid,4rare,2.479047185
199,seasonal,b.mid,1oport,2.480453011
501,rainforest,b.mid,1oport,2.482873542
2272,rainforest,d.old,1oport,2.483085627
307,seasonal,b.mid,4rare,2.483349491
1621,araucaria,d.old,1oport,2.483751871
822,rainforest,b.mid,3sensi,2.483960679
571,araucaria,d.old,4rare,2.48455868
3722,seasonal,b.mid,1oport,2.484774242
5550,rainforest,a.early,2insensi,2.485011271
3723,rainforest,b.mid,4rare,2.488942048
3865,araucaria,d.old,1oport,2.489058944
136,seasonal,b.mid,4rare,2.489219409
322,seasonal,c.late,3sensi,2.491667206
3716,seasonal,b.mid,3sensi,2.491791711
501,rainforest,b.mid,4rare,2.492812134
4443,seasonal,c.late,4rare,2.494850022
3557,rainforest,c.late,1oport,2.495742463
2272,rainforest,d.old,4rare,2.495898887
2091,rainforest,d.old,2insensi,2.496174602
347,seasonal,c.late,4rare,2.496723559
4650,seasonal,c.late,1oport,2.497021894
777.3,rainforest,b.mid,4rare,2.502144522
2272,rainforest,d.old,3sensi,2.504282395
9,seasonal,b.mid,1oport,2.505671723
2296,rainforest,d.old,4rare,2.508315787
1659,rainforest,b.mid,1oport,2.510213867
246,seasonal,b.mid,4rare,2.511883372
1280,rainforest,b.mid,4rare,2.512490299
2093,rainforest,d.old,1oport,2.512550939
1327,rainforest,b.mid,4rare,2.513052784
3651,seasonal,d.old,1oport,2.515774495
5606.6,rainforest,b.mid,1oport,2.519827999
2404,rainforest,b.mid,4rare,2.520974491
4625.6,araucaria,c.late,1oport,2.52429192
972,araucaria,b.mid,3sensi,2.525003
4643.3,rainforest,b.mid,3sensi,2.525044753
3651,seasonal,d.old,4rare,2.526769887
1357,rainforest,b.mid,3sensi,2.528787232
4460,seasonal,b.mid,3sensi,2.531478987
1704,rainforest,c.late,1oport,2.540329532
1446,seasonal,b.mid,4rare,2.543912855
89,seasonal,b.mid,4rare,2.544068023
3688,seasonal,d.old,4rare,2.544068023
4450,seasonal,b.mid,4rare,2.544068023
5997,rainforest,d.old,4rare,2.544825811
4193,rainforest,d.old,2insensi,2.545206039
908,rainforest,b.mid,4rare,2.545659824
55,seasonal,b.mid,1oport,2.547057702
1258,araucaria,c.late,4rare,2.547159188
5550,rainforest,a.early,3sensi,2.547159188
3878,rainforest,d.old,1oport,2.549309891
1047,rainforest,d.old,4rare,2.551101304
53,rainforest,d.old,2insensi,2.556134114
6465,seasonal,a.early,3sensi,2.556302466
1703,rainforest,b.mid,1oport,2.557306586
3626,rainforest,b.mid,3sensi,2.558186608
4657,seasonal,c.late,4rare,2.56038124
608.2,araucaria,b.mid,1oport,2.563481155
1362,seasonal,b.mid,3sensi,2.564033068
1239,araucaria,b.mid,1oport,2.564790665
1505,seasonal,b.mid,3sensi,2.565304658
4213,rainforest,b.mid,4rare,2.565350631
199,seasonal,b.mid,3sensi,2.56566619
158,seasonal,b.mid,1oport,2.568325264
1353,rainforest,b.mid,1oport,2.568415124
3683,seasonal,d.old,4rare,2.573412134
388,rainforest,b.mid,2insensi,2.574284372
5997,rainforest,d.old,3sensi,2.575875937
55,seasonal,b.mid,3sensi,2.576055392
3685,seasonal,d.old,4rare,2.580788639
4193,rainforest,d.old,4rare,2.581326237
1429,rainforest,b.mid,1oport,2.582063371
4598,rainforest,b.mid,2insensi,2.584401384
571,araucaria,d.old,1oport,2.587503165
1445,seasonal,b.mid,3sensi,2.587935286
2393,seasonal,d.old,1oport,2.590396017
4993,seasonal,c.late,1oport,2.594392595
1779,araucaria,c.late,1oport,2.597448038
3701,seasonal,d.old,4rare,2.599475998
1017,rainforest,d.old,1oport,2.60139863
1322,rainforest,d.old,1oport,2.605831053
4458,seasonal,b.mid,4rare,2.606649986
6001,seasonal,b.mid,4rare,2.608207214
69,seasonal,b.mid,3sensi,2.608561156
4198,araucaria,b.mid,4rare,2.615790717
660,araucaria,b.mid,3sensi,2.615949963
3683,seasonal,d.old,1oport,2.618014314
3297,araucaria,b.mid,4rare,2.619788758
1497,seasonal,b.mid,4rare,2.62324936
586,seasonal,c.late,3sensi,2.623823399
708,araucaria,c.late,4rare,2.626135068
1258,araucaria,c.late,1oport,2.626340403
4576,seasonal,c.late,4rare,2.630408659
957,rainforest,d.old,1oport,2.634443694
5131,araucaria,d.old,1oport,2.634477198
3689,seasonal,d.old,4rare,2.638118866
806,araucaria,b.mid,1oport,2.640481346
1330,rainforest,b.mid,1oport,2.640897937
2427,seasonal,b.mid,1oport,2.641474115
1271,rainforest,c.late,1oport,2.643136781
83,seasonal,b.mid,4rare,2.64457281
4211,rainforest,c.late,1oport,2.648901868
201,seasonal,b.mid,4rare,2.649056504
1253,rainforest,c.late,4rare,2.651626785
4209,rainforest,a.early,3sensi,2.653870099
9,seasonal,b.mid,3sensi,2.655230781
3707,seasonal,d.old,1oport,2.656337797
4993.4,seasonal,b.mid,1oport,2.657533892
3689,seasonal,d.old,1oport,2.657834616
998.2,araucaria,b.mid,4rare,2.661812733
767,seasonal,b.mid,3sensi,2.663701005
767,seasonal,b.mid,4rare,2.663701005
3697,seasonal,d.old,4rare,2.676909269
1549,rainforest,b.mid,3sensi,2.677203684
708,araucaria,c.late,1oport,2.680641144
348,seasonal,c.late,4rare,2.686794001
795,araucaria,d.old,1oport,2.687358121
3874,rainforest,c.late,3sensi,2.690449248
1434,rainforest,d.old,1oport,2.690900251
4215,rainforest,b.mid,4rare,2.69299737
1271,rainforest,c.late,4rare,2.693050062
138,seasonal,b.mid,1oport,2.696356483
1376,rainforest,b.mid,1oport,2.700896022
63,seasonal,b.mid,1oport,2.705259836
3673,araucaria,d.old,1oport,2.707115764
2297,rainforest,d.old,1oport,2.710751839
1281,rainforest,c.late,4rare,2.718778403
3874,rainforest,c.late,4rare,2.719990591
3675,rainforest,d.old,1oport,2.72522672
3668,seasonal,b.mid,4rare,2.727541298
4607,seasonal,b.mid,1oport,2.731588664
3707,seasonal,d.old,4rare,2.73416396
1779.2,araucaria,c.late,4rare,2.739115668
3643,seasonal,d.old,1oport,2.741733726
1506,seasonal,b.mid,4rare,2.741939126
295,seasonal,b.mid,1oport,2.748347182
4212,rainforest,b.mid,4rare,2.749736421
1330,rainforest,b.mid,4rare,2.752048326
3721,seasonal,d.old,4rare,2.761394194
3669,seasonal,b.mid,2insensi,2.768637977
4211,rainforest,c.late,4rare,2.775079689
87,rainforest,b.mid,3sensi,2.775974299
707,seasonal,d.old,4rare,2.79239175
750,araucaria,d.old,4rare,2.794488165
1494,rainforest,d.old,1oport,2.796143931
4193,rainforest,d.old,1oport,2.803420117
3684,seasonal,d.old,4rare,2.827584778
4394,seasonal,d.old,1oport,2.833057443
998.2,araucaria,b.mid,3sensi,2.837903892
4207,rainforest,c.late,4rare,2.838520593
3776,seasonal,b.mid,1oport,2.850033374
1440,seasonal,d.old,4rare,2.859877085
5999,rainforest,d.old,1oport,2.861733626
3695,seasonal,d.old,1oport,2.864736921
1440,seasonal,d.old,3sensi,2.865934829
1494,rainforest,d.old,4rare,2.873658155
4401,seasonal,b.mid,1oport,2.887898616
4625.6,araucaria,c.late,4rare,2.889838399
1047,rainforest,d.old,1oport,2.897715201
2245,seasonal,d.old,1oport,2.903692859
3714,seasonal,d.old,4rare,2.908127373
3878,rainforest,d.old,4rare,2.908331636
53,rainforest,d.old,4rare,2.922531437
4625.3,araucaria,b.mid,4rare,2.928139708
1384,seasonal,b.mid,3sensi,2.928907801
3698,seasonal,b.mid,1oport,2.931217301
1322,rainforest,d.old,4rare,2.93826939
1327,rainforest,b.mid,1oport,2.945537098
3721,seasonal,d.old,1oport,2.951726042
4209,rainforest,a.early,4rare,2.996292662
3691,seasonal,d.old,4rare,2.999227209
589,araucaria,b.mid,4rare,3.019946608
3874,rainforest,c.late,1oport,3.021131368
4216,rainforest,a.early,3sensi,3.028164476
3694,seasonal,d.old,4rare,3.031781444
1434,rainforest,d.old,4rare,3.052121917
1779.2,araucaria,c.late,1oport,3.097184248
4392,seasonal,b.mid,1oport,3.127428868
4216,rainforest,a.early,4rare,3.153103367
2296,rainforest,d.old,1oport,3.15330669
3669,seasonal,b.mid,3sensi,3.245759487
174,seasonal,b.mid,1oport,3.303412108
594,rainforest,a.early,3sensi,4
594,rainforest,a.early,4rare,4
608.3,araucaria,c.late,1oport,4
608.3,araucaria,c.late,4rare,4
620,araucaria,c.late,3sensi,4
620,araucaria,c.late,4rare,4
666,rainforest,a.early,4rare,4
759,araucaria,b.mid,4rare,4
759.2,araucaria,b.mid,4rare,4
759.3,araucaria,b.mid,4rare,4
759.4,araucaria,b.mid,4rare,4
759.5,araucaria,b.mid,4rare,4
759.6,araucaria,b.mid,4rare,4
759.7,araucaria,b.mid,4rare,4
759.8,araucaria,b.mid,4rare,4
921,rainforest,a.early,3sensi,4
923,rainforest,a.early,3sensi,4
923,rainforest,a.early,4rare,4
998.1,araucaria,b.mid,4rare,4
998.5,araucaria,b.mid,4rare,4
1060,seasonal,b.mid,3sensi,4
1279,rainforest,a.early,3sensi,4
1499,seasonal,b.mid,4rare,4
2450,rainforest,b.mid,1oport,4
2529.6,seasonal,b.mid,1oport,4
3668,seasonal,b.mid,1oport,4
3669,seasonal,b.mid,1oport,4
3691,seasonal,d.old,1oport,4
3764,rainforest,b.mid,3sensi,4
4625,araucaria,b.mid,4rare,4
4625.9,araucaria,b.mid,4rare,4
4993.8,seasonal,b.mid,1oport,4
5131,araucaria,d.old,4rare,4
5279,araucaria,a.early,4rare,4
5394,seasonal,b.mid,1oport,4
6151,araucaria,a.early,4rare,4
6450,seasonal,b.mid,3sensi,4
6460,seasonal,b.mid,4rare,4
6469,seasonal,a.early,4rare,4
